appid,deviceid,devicemake,devicemodel,platform,apppackage,keyname,mobileoperator,ssid,app,song,album,pstate,source,ipaddress,city,station,duration,timestamp,created_date,created_time,time_convert,ses_id
5acb994ce96b09565e1f1d7c,20d3d524-826b-4faa-a97e-7d2b2079cfcc,"""samsung""","""samsung SM-E700H""","""Android""","""com.vtion.digital""","""FM_Off""","""""","""TP-LINK_222A""",,,,None,,27.106.28.26,Mumbai,,,1563906644,2019-07-24,12:00:44 AM,18:30:44,505
5acb994ce96b09565e1f1d7c,20d3d524-826b-4faa-a97e-7d2b2079cfcc,"""samsung""","""samsung SM-E700H""","""Android""","""com.vtion.digital""","""FM_Off""","""""","""TP-LINK_222A""",,,,None,,27.106.28.26,Mumbai,,,1563906779,2019-07-24,12:02:59 AM,18:32:59,507
5acb994ce96b09565e1f1d7c,20d3d524-826b-4faa-a97e-7d2b2079cfcc,"""samsung""","""samsung SM-E700H""","""Android""","""com.vtion.digital""","""FM_Off""","""""","""TP-LINK_222A""",,,,None,,27.106.28.26,Mumbai,,,1563906784,2019-07-24,12:03:04 AM,18:33:04,509
5acb994ce96b09565e1f1d7c,20d3d524-826b-4faa-a97e-7d2b2079cfcc,"""samsung""","""samsung SM-E700H""","""Android""","""com.vtion.digital""","""FM_Off""","""""","""TP-LINK_222A""",,,,None,,27.106.28.26,Mumbai,,,1563906876,2019-07-24,12:04:36 AM,18:34:36,511
5acb994ce96b09565e1f1d7c,20d3d524-826b-4faa-a97e-7d2b2079cfcc,"""samsung""","""samsung SM-E700H""","""Android""","""com.vtion.digital""","""FM_Off""","""""","""TP-LINK_222A""",,,,None,,27.106.28.26,Mumbai,,,1563908992,2019-07-24,12:39:52 AM,19:09:52,513
5acb994ce96b09565e1f1d7c,20d3d524-826b-4faa-a97e-7d2b2079cfcc,"""samsung""","""samsung SM-E700H""","""Android""","""com.vtion.digital""","""FM_Off""","""""","""TP-LINK_222A""",,,,None,,27.106.28.26,Mumbai,,,1563909097,2019-07-24,12:41:37 AM,19:11:37,515
5acb994ce96b09565e1f1d7c,2516b996-ca0d-40dc-adba-48cc569e6aed,"""HUAWEI""","""HUAWEI JSN-L22""","""Android""","""com.vtion.digital""","""Audio_Tuned""","""Airtel""","""<unknown ssid>""","""Google Play Music""","""Dil_mera_chahe|_Arijit_singh_new_song_with_lyrics|_lyrical_video_song|_2019|.""","""Unknown artist""","""true""","""Wire_Headset""",171.76.225.201,Lucknow,,,1563945556,2019-07-24,10:49:16 AM,05:19:16,849
5acb994ce96b09565e1f1d7c,2516b996-ca0d-40dc-adba-48cc569e6aed,"""HUAWEI""","""HUAWEI JSN-L22""","""Android""","""com.vtion.digital""","""Audio_Tuned""","""Airtel""","""<unknown ssid>""","""Google Play Music""","""Dil_mera_chahe|_Arijit_singh_new_song_with_lyrics|_lyrical_video_song|_2019|.""","""Unknown artist""","""false""","""Wire_Headset""",171.76.225.201,Lucknow,,"""646""",1563946202,2019-07-24,11:00:02 AM,05:30:02,849
5acb994ce96b09565e1f1d7c,35bba9b2-53fa-470e-82b4-22b22d361df8,"""motorola""","""motorola Moto G (5S) Plus""","""Android""","""com.vtion.digital""","""Audio_Tuned""","""IND airtel""","""boys""","""Google Play Music""","""Mera Bhola Hai Bhandari _ Hansraj Raghuwanshi _ Suresh Verma _ Offical Video _ P_HD""","""Unknown artist""","""true""","""BT""",103.203.66.127,Pune,,,1563953957,2019-07-24,01:09:17 PM,07:39:17,1239
5acb994ce96b09565e1f1d7c,35bba9b2-53fa-470e-82b4-22b22d361df8,"""motorola""","""motorola Moto G (5S) Plus""","""Android""","""com.vtion.digital""","""Audio_Off""","""IND airtel""","""boys""",,,,None,,103.203.66.127,Pune,,,1563953967,2019-07-24,01:09:27 PM,07:39:27,1240
5acb994ce96b09565e1f1d7c,35bba9b2-53fa-470e-82b4-22b22d361df8,"""motorola""","""motorola Moto G (5S) Plus""","""Android""","""com.vtion.digital""","""Audio_Tuned""","""IND airtel""","""<unknown ssid>""","""Google Play Music""","""Mera Bhola Hai Bhandari _ Hansraj Raghuwanshi _ Suresh Verma _ Offical Video _ P_HD""","""Unknown artist""","""true""","""BT""",106.193.136.22,Pune,,,1563957804,2019-07-24,02:13:24 PM,08:43:24,1241
5acb994ce96b09565e1f1d7c,35bba9b2-53fa-470e-82b4-22b22d361df8,"""motorola""","""motorola Moto G (5S) Plus""","""Android""","""com.vtion.digital""","""Audio_Off""","""IND airtel""","""<unknown ssid>""",,,,None,,106.193.136.22,Pune,,,1563958170,2019-07-24,02:19:30 PM,08:49:30,1242
5acb994ce96b09565e1f1d7c,35bba9b2-53fa-470e-82b4-22b22d361df8,"""motorola""","""motorola Moto G (5S) Plus""","""Android""","""com.vtion.digital""","""Audio_Tuned""","""IND airtel""","""<unknown ssid>""","""Google Play Music""","""Mera Bhola Hai Bhandari _ Hansraj Raghuwanshi _ Suresh Verma _ Offical Video _ P_HD""","""Unknown artist""","""false""","""BT""",106.193.136.22,Pune,,"""366""",1563958170,2019-07-24,02:19:30 PM,08:49:30,1244
5acb994ce96b09565e1f1d7c,35bba9b2-53fa-470e-82b4-22b22d361df8,"""motorola""","""motorola Moto G (5S) Plus""","""Android""","""com.vtion.digital""","""Audio_Tuned""","""IND airtel""","""<unknown ssid>""","""Google Play Music""","""Ramta Jogi Feel Remix _ Latest DJ Remix Songs 2018 _ Indian Trap_HD""","""Unknown artist""","""true""","""Speaker""",106.193.234.74,Pune,,,1563906655,2019-07-24,12:00:55 AM,18:30:55,1258
5acb994ce96b09565e1f1d7c,35bba9b2-53fa-470e-82b4-22b22d361df8,"""motorola""","""motorola Moto G (5S) Plus""","""Android""","""com.vtion.digital""","""Audio_Tuned""","""IND airtel""","""<unknown ssid>""","""Google Play Music""","""Ramta Jogi Feel Remix _ Latest DJ Remix Songs 2018 _ Indian Trap_HD""","""Unknown artist""","""false""","""Speaker""",106.193.234.74,Pune,,"""16""",1563906672,2019-07-24,12:01:12 AM,18:31:12,1258
5acb994ce96b09565e1f1d7c,35bba9b2-53fa-470e-82b4-22b22d361df8,"""motorola""","""motorola Moto G (5S) Plus""","""Android""","""com.vtion.digital""","""Audio_Tuned""","""IND airtel""","""<unknown ssid>""","""Google Play Music""","""Lamberghini (Full Video) _ The Doorbeen Feat Ragini _ Latest Punjabi Song 2018 __Full-HD""","""Unknown artist""","""true""","""Speaker""",106.193.234.74,Pune,,,1563906672,2019-07-24,12:01:12 AM,18:31:12,1259
5acb994ce96b09565e1f1d7c,35bba9b2-53fa-470e-82b4-22b22d361df8,"""motorola""","""motorola Moto G (5S) Plus""","""Android""","""com.vtion.digital""","""Audio_Tuned""","""IND airtel""","""<unknown ssid>""","""Google Play Music""","""Imran Khan - Satisfya (Official Music Video)_Full-HD""","""Unknown artist""","""true""","""Speaker""",106.193.234.74,Pune,,,1563906890,2019-07-24,12:04:50 AM,18:34:50,1259
5acb994ce96b09565e1f1d7c,35bba9b2-53fa-470e-82b4-22b22d361df8,"""motorola""","""motorola Moto G (5S) Plus""","""Android""","""com.vtion.digital""","""Audio_Tuned""","""IND airtel""","""<unknown ssid>""","""Google Play Music""","""Lamberghini (Full Video) _ The Doorbeen Feat Ragini _ Latest Punjabi Song 2018 __Full-HD""","""Unknown artist""","""false""","""Speaker""",106.193.234.74,Pune,,"""217""",1563906890,2019-07-24,12:04:50 AM,18:34:50,1259
5acb994ce96b09565e1f1d7c,35bba9b2-53fa-470e-82b4-22b22d361df8,"""motorola""","""motorola Moto G (5S) Plus""","""Android""","""com.vtion.digital""","""Audio_Tuned""","""IND airtel""","""<unknown ssid>""","""Google Play Music""","""Imran Khan - Satisfya (Official Music Video)_Full-HD""","""Unknown artist""","""false""","""Speaker""",106.193.234.74,Pune,,"""184""",1563907075,2019-07-24,12:07:55 AM,18:37:55,1261
5acb994ce96b09565e1f1d7c,35bba9b2-53fa-470e-82b4-22b22d361df8,"""motorola""","""motorola Moto G (5S) Plus""","""Android""","""com.vtion.digital""","""Audio_Tuned""","""IND airtel""","""<unknown ssid>""","""Google Play Music""","""Vaaste Song- Dhvani Bhanushali, Tanishk Bagchi _ Nikhil D _ Bhushan Kumar _ Radh_Full-HD""","""Unknown artist""","""true""","""Speaker""",106.193.234.74,Pune,,,1563907075,2019-07-24,12:07:55 AM,18:37:55,1262
5acb994ce96b09565e1f1d7c,35bba9b2-53fa-470e-82b4-22b22d361df8,"""motorola""","""motorola Moto G (5S) Plus""","""Android""","""com.vtion.digital""","""Audio_Tuned""","""IND airtel""","""<unknown ssid>""","""Google Play Music""","""Manga Yahi Duawan Main Channa Tu Mainu Mil Jaye _ Ft. Niti Taylor_Full-HD""","""Unknown artist""","""true""","""Speaker""",106.193.234.74,Pune,,,1563907341,2019-07-24,12:12:21 AM,18:42:21,1262
5acb994ce96b09565e1f1d7c,35bba9b2-53fa-470e-82b4-22b22d361df8,"""motorola""","""motorola Moto G (5S) Plus""","""Android""","""com.vtion.digital""","""Audio_Tuned""","""IND airtel""","""<unknown ssid>""","""Google Play Music""","""Vaaste Song- Dhvani Bhanushali, Tanishk Bagchi _ Nikhil D _ Bhushan Kumar _ Radh_Full-HD""","""Unknown artist""","""false""","""Speaker""",106.193.234.74,Pune,,"""266""",1563907341,2019-07-24,12:12:21 AM,18:42:21,1262
5acb994ce96b09565e1f1d7c,35bba9b2-53fa-470e-82b4-22b22d361df8,"""motorola""","""motorola Moto G (5S) Plus""","""Android""","""com.vtion.digital""","""Audio_Tuned""","""IND airtel""","""<unknown ssid>""","""Google Play Music""","""Kabhi toh paas mere aao. Hindi love story.""","""Unknown artist""","""true""","""Speaker""",106.193.234.74,Pune,,,1563907551,2019-07-24,12:15:51 AM,18:45:51,1263
5acb994ce96b09565e1f1d7c,35bba9b2-53fa-470e-82b4-22b22d361df8,"""motorola""","""motorola Moto G (5S) Plus""","""Android""","""com.vtion.digital""","""Audio_Tuned""","""IND airtel""","""<unknown ssid>""","""Google Play Music""","""Manga Yahi Duawan Main Channa Tu Mainu Mil Jaye _ Ft. Niti Taylor_Full-HD""","""Unknown artist""","""false""","""Speaker""",106.193.234.74,Pune,,"""209""",1563907551,2019-07-24,12:15:51 AM,18:45:51,1263
5acb994ce96b09565e1f1d7c,35bba9b2-53fa-470e-82b4-22b22d361df8,"""motorola""","""motorola Moto G (5S) Plus""","""Android""","""com.vtion.digital""","""Audio_Tuned""","""IND airtel""","""<unknown ssid>""","""Google Play Music""","""Kabhi toh paas mere aao. Hindi love story.""","""Unknown artist""","""false""","""Speaker""",106.193.171.160,Pune,,"""303""",1563907855,2019-07-24,12:20:55 AM,18:50:55,1265
5acb994ce96b09565e1f1d7c,35bba9b2-53fa-470e-82b4-22b22d361df8,"""motorola""","""motorola Moto G (5S) Plus""","""Android""","""com.vtion.digital""","""Audio_Tuned""","""IND airtel""","""<unknown ssid>""","""Google Play Music""","""Gomu Maherla Jate Ho Nakhva _ Sunny Phadke _ Sanjana Pandit _ Prashant Nakti _ F_Full-HD""","""Unknown artist""","""true""","""Speaker""",106.193.171.160,Pune,,,1563907855,2019-07-24,12:20:55 AM,18:50:55,1266
5acb994ce96b09565e1f1d7c,35bba9b2-53fa-470e-82b4-22b22d361df8,"""motorola""","""motorola Moto G (5S) Plus""","""Android""","""com.vtion.digital""","""Audio_Tuned""","""IND airtel""","""<unknown ssid>""","""Google Play Music""","""Mera Bhola Hai Bhandari _ Hansraj Raghuwanshi _ Suresh Verma _ Offical Video _ P_HD""","""Unknown artist""","""true""","""Speaker""",106.193.171.160,Pune,,,1563908110,2019-07-24,12:25:10 AM,18:55:10,1266
5acb994ce96b09565e1f1d7c,35bba9b2-53fa-470e-82b4-22b22d361df8,"""motorola""","""motorola Moto G (5S) Plus""","""Android""","""com.vtion.digital""","""Audio_Tuned""","""IND airtel""","""<unknown ssid>""","""Google Play Music""","""Gomu Maherla Jate Ho Nakhva _ Sunny Phadke _ Sanjana Pandit _ Prashant Nakti _ F_Full-HD""","""Unknown artist""","""false""","""Speaker""",106.193.171.160,Pune,,"""255""",1563908110,2019-07-24,12:25:10 AM,18:55:10,1266
5acb994ce96b09565e1f1d7c,35bba9b2-53fa-470e-82b4-22b22d361df8,"""motorola""","""motorola Moto G (5S) Plus""","""Android""","""com.vtion.digital""","""Audio_Tuned""","""IND airtel""","""<unknown ssid>""","""Google Play Music""","""Mera Bhola Hai Bhandari _ Hansraj Raghuwanshi _ Suresh Verma _ Offical Video _ P_HD""","""Unknown artist""","""false""","""Speaker""",106.193.171.160,Pune,,"""439""",1563908549,2019-07-24,12:32:29 AM,19:02:29,1268
5acb994ce96b09565e1f1d7c,35bba9b2-53fa-470e-82b4-22b22d361df8,"""motorola""","""motorola Moto G (5S) Plus""","""Android""","""com.vtion.digital""","""Audio_Off""","""IND airtel""","""<unknown ssid>""",,,,None,,106.193.171.160,Pune,,,1563908549,2019-07-24,12:32:29 AM,19:02:29,1270
5acb994ce96b09565e1f1d7c,394deab0-d1a0-4e9c-8803-3e7868d9f09c,"""Xiaomi""","""Xiaomi Redmi Note 7 Pro""","""Android""","""com.vtion.digital""","""NotificationState""","""Vodafone IN""","""<unknown ssid>""",,,,None,,42.108.173.121,New Delhi,,,1563948739,2019-07-24,11:42:19 AM,06:12:19,1302
5acb994ce96b09565e1f1d7c,412c5864-33e2-4f2e-8cec-d3a5aa54003a,"""samsung""","""samsung SM-T280""","""Android""","""com.vtion.digital""","""Audio_Off""","""""","""QSS-NEW_EXT""",,,,None,,180.151.16.243,Gurgaon,,,1563943368,2019-07-24,10:12:48 AM,04:42:48,1422
5acb994ce96b09565e1f1d7c,412c5864-33e2-4f2e-8cec-d3a5aa54003a,"""samsung""","""samsung SM-T280""","""Android""","""com.vtion.digital""","""Audio_Off""","""""","""QSS-NEW_EXT""",,,,None,,180.151.16.243,Gurgaon,,,1563943368,2019-07-24,10:12:48 AM,04:42:48,1424
5acb994ce96b09565e1f1d7c,71cfa39e-1c8d-4fc8-b20f-3c3d84897cbb,"""OnePlus""","""OnePlus ONEPLUS A5010""","""Android""","""com.vtion.digital""","""Audio_Tuned""","""Vodafone IN""","""<unknown ssid>""","""Spotify""","""Señorita""","""Shawn Mendes, Camila Cabello""","""true""","""BT""",42.106.252.25,Mumbai,,,1563930998,2019-07-24,06:46:38 AM,01:16:38,2268
5acb994ce96b09565e1f1d7c,71cfa39e-1c8d-4fc8-b20f-3c3d84897cbb,"""OnePlus""","""OnePlus ONEPLUS A5010""","""Android""","""com.vtion.digital""","""Audio_Tuned""","""Vodafone IN""","""<unknown ssid>""","""Spotify""","""Señorita""","""Shawn Mendes, Camila Cabello""","""false""","""BT""",42.106.252.25,Mumbai,,"""190""",1563931189,2019-07-24,06:49:49 AM,01:19:49,2268
5acb994ce96b09565e1f1d7c,71cfa39e-1c8d-4fc8-b20f-3c3d84897cbb,"""OnePlus""","""OnePlus ONEPLUS A5010""","""Android""","""com.vtion.digital""","""Audio_Tuned""","""Vodafone IN""","""<unknown ssid>""","""Spotify""","""Mi Persona Favorita""","""Alejandro Sanz, Camila Cabello""","""true""","""BT""",42.106.252.25,Mumbai,,,1563931189,2019-07-24,06:49:49 AM,01:19:49,2269
5acb994ce96b09565e1f1d7c,71cfa39e-1c8d-4fc8-b20f-3c3d84897cbb,"""OnePlus""","""OnePlus ONEPLUS A5010""","""Android""","""com.vtion.digital""","""Audio_Tuned""","""Vodafone IN""","""<unknown ssid>""","""Spotify""","""Never Be the Same""","""Camila Cabello""","""true""","""BT""",42.106.252.25,Mumbai,,,1563931200,2019-07-24,06:50:00 AM,01:20:00,2269
5acb994ce96b09565e1f1d7c,71cfa39e-1c8d-4fc8-b20f-3c3d84897cbb,"""OnePlus""","""OnePlus ONEPLUS A5010""","""Android""","""com.vtion.digital""","""Audio_Tuned""","""Vodafone IN""","""<unknown ssid>""","""Spotify""","""Advertisement""","""Netflix""","""true""","""BT""",42.106.252.25,Mumbai,,,1563931426,2019-07-24,06:53:46 AM,01:23:46,2269
5acb994ce96b09565e1f1d7c,71cfa39e-1c8d-4fc8-b20f-3c3d84897cbb,"""OnePlus""","""OnePlus ONEPLUS A5010""","""Android""","""com.vtion.digital""","""Audio_Tuned""","""Vodafone IN""","""<unknown ssid>""","""Spotify""","""Never Be the Same""","""Camila Cabello""","""false""","""BT""",42.106.252.25,Mumbai,,"""226""",1563931426,2019-07-24,06:53:46 AM,01:23:46,2269
5acb994ce96b09565e1f1d7c,71cfa39e-1c8d-4fc8-b20f-3c3d84897cbb,"""OnePlus""","""OnePlus ONEPLUS A5010""","""Android""","""com.vtion.digital""","""Audio_Tuned""","""Vodafone IN""","""<unknown ssid>""","""Spotify""","""Advertisement""","""Netflix""","""false""","""BT""",42.106.252.25,Mumbai,,"""17""",1563931443,2019-07-24,06:54:03 AM,01:24:03,2271
5acb994ce96b09565e1f1d7c,71cfa39e-1c8d-4fc8-b20f-3c3d84897cbb,"""OnePlus""","""OnePlus ONEPLUS A5010""","""Android""","""com.vtion.digital""","""Audio_Tuned""","""Vodafone IN""","""<unknown ssid>""","""Spotify""","""ME! (feat. Brendon Urie of Panic! At The Disco)""","""Taylor Swift, Brendon Urie, Panic! At The Disco""","""true""","""BT""",42.106.252.25,Mumbai,,,1563931443,2019-07-24,06:54:03 AM,01:24:03,2272
5acb994ce96b09565e1f1d7c,71cfa39e-1c8d-4fc8-b20f-3c3d84897cbb,"""OnePlus""","""OnePlus ONEPLUS A5010""","""Android""","""com.vtion.digital""","""Audio_Tuned""","""Vodafone IN""","""<unknown ssid>""","""Spotify""","""Girls Like You (feat. Cardi B)""","""Maroon 5, Cardi B""","""true""","""BT""",42.106.252.25,Mumbai,,,1563931515,2019-07-24,06:55:15 AM,01:25:15,2272
5acb994ce96b09565e1f1d7c,71cfa39e-1c8d-4fc8-b20f-3c3d84897cbb,"""OnePlus""","""OnePlus ONEPLUS A5010""","""Android""","""com.vtion.digital""","""Audio_Tuned""","""Vodafone IN""","""<unknown ssid>""","""Spotify""","""ME! (feat. Brendon Urie of Panic! At The Disco)""","""Taylor Swift, Brendon Urie, Panic! At The Disco""","""false""","""BT""",42.106.252.25,Mumbai,,"""71""",1563931515,2019-07-24,06:55:15 AM,01:25:15,2272
5acb994ce96b09565e1f1d7c,71cfa39e-1c8d-4fc8-b20f-3c3d84897cbb,"""OnePlus""","""OnePlus ONEPLUS A5010""","""Android""","""com.vtion.digital""","""Audio_Tuned""","""Vodafone IN""","""<unknown ssid>""","""Spotify""","""I Can’t Get Enough (benny blanco, Selena Gomez, J Balvin, Tainy)""","""benny blanco, Selena Gomez, J Balvin, Tainy""","""true""","""BT""",42.106.252.25,Mumbai,,,1563931738,2019-07-24,06:58:58 AM,01:28:58,2273
5acb994ce96b09565e1f1d7c,71cfa39e-1c8d-4fc8-b20f-3c3d84897cbb,"""OnePlus""","""OnePlus ONEPLUS A5010""","""Android""","""com.vtion.digital""","""Audio_Tuned""","""Vodafone IN""","""<unknown ssid>""","""Spotify""","""Girls Like You (feat. Cardi B)""","""Maroon 5, Cardi B""","""false""","""BT""",42.106.252.25,Mumbai,,"""223""",1563931738,2019-07-24,06:58:58 AM,01:28:58,2273
5acb994ce96b09565e1f1d7c,71cfa39e-1c8d-4fc8-b20f-3c3d84897cbb,"""OnePlus""","""OnePlus ONEPLUS A5010""","""Android""","""com.vtion.digital""","""Audio_Tuned""","""Vodafone IN""","""<unknown ssid>""","""Spotify""","""The Middle""","""Zedd, Maren Morris, Grey""","""true""","""BT""",42.106.252.25,Mumbai,,,1563931744,2019-07-24,06:59:04 AM,01:29:04,2274
5acb994ce96b09565e1f1d7c,71cfa39e-1c8d-4fc8-b20f-3c3d84897cbb,"""OnePlus""","""OnePlus ONEPLUS A5010""","""Android""","""com.vtion.digital""","""Audio_Tuned""","""Vodafone IN""","""<unknown ssid>""","""Spotify""","""i'm so tired...""","""Lauv, Troye Sivan""","""true""","""BT""",42.106.252.25,Mumbai,,,1563931746,2019-07-24,06:59:06 AM,01:29:06,2274
5acb994ce96b09565e1f1d7c,71cfa39e-1c8d-4fc8-b20f-3c3d84897cbb,"""OnePlus""","""OnePlus ONEPLUS A5010""","""Android""","""com.vtion.digital""","""Audio_Tuned""","""Vodafone IN""","""<unknown ssid>""","""Spotify""","""Polaroid""","""Jonas Blue, Liam Payne, Lennon Stella""","""true""","""BT""",42.106.252.25,Mumbai,,,1563931748,2019-07-24,06:59:08 AM,01:29:08,2274
5acb994ce96b09565e1f1d7c,71cfa39e-1c8d-4fc8-b20f-3c3d84897cbb,"""OnePlus""","""OnePlus ONEPLUS A5010""","""Android""","""com.vtion.digital""","""Audio_Tuned""","""Vodafone IN""","""<unknown ssid>""","""Spotify""","""Taki Taki (with Selena Gomez, Ozuna & Cardi B)""","""DJ Snake, Selena Gomez, Ozuna, Cardi B""","""true""","""BT""",42.106.252.25,Mumbai,,,1563931778,2019-07-24,06:59:38 AM,01:29:38,2274
5acb994ce96b09565e1f1d7c,71cfa39e-1c8d-4fc8-b20f-3c3d84897cbb,"""OnePlus""","""OnePlus ONEPLUS A5010""","""Android""","""com.vtion.digital""","""Audio_Tuned""","""Vodafone IN""","""<unknown ssid>""","""Spotify""","""Polaroid""","""Jonas Blue, Liam Payne, Lennon Stella""","""false""","""BT""",42.106.252.25,Mumbai,,"""29""",1563931778,2019-07-24,06:59:38 AM,01:29:38,2274
5acb994ce96b09565e1f1d7c,71cfa39e-1c8d-4fc8-b20f-3c3d84897cbb,"""OnePlus""","""OnePlus ONEPLUS A5010""","""Android""","""com.vtion.digital""","""Audio_Tuned""","""Vodafone IN""","""<unknown ssid>""","""Spotify""","""Taki Taki (with Selena Gomez, Ozuna & Cardi B)""","""DJ Snake, Selena Gomez, Ozuna, Cardi B""","""false""","""BT""",42.106.252.25,Mumbai,,"""415""",1563932194,2019-07-24,07:06:34 AM,01:36:34,2276
5acb994ce96b09565e1f1d7c,71cfa39e-1c8d-4fc8-b20f-3c3d84897cbb,"""OnePlus""","""OnePlus ONEPLUS A5010""","""Android""","""com.vtion.digital""","""Audio_Tuned""","""Vodafone IN""","""<unknown ssid>""","""Spotify""","""Happier""","""Marshmello, Bastille""","""true""","""BT""",42.106.252.25,Mumbai,,,1563932194,2019-07-24,07:06:34 AM,01:36:34,2277
5acb994ce96b09565e1f1d7c,71cfa39e-1c8d-4fc8-b20f-3c3d84897cbb,"""OnePlus""","""OnePlus ONEPLUS A5010""","""Android""","""com.vtion.digital""","""Audio_Tuned""","""Vodafone IN""","""<unknown ssid>""","""Spotify""","""No One Compares To You""","""Jack & Jack""","""true""","""BT""",42.106.252.25,Mumbai,,,1563932404,2019-07-24,07:10:04 AM,01:40:04,2277
5acb994ce96b09565e1f1d7c,71cfa39e-1c8d-4fc8-b20f-3c3d84897cbb,"""OnePlus""","""OnePlus ONEPLUS A5010""","""Android""","""com.vtion.digital""","""Audio_Tuned""","""Vodafone IN""","""<unknown ssid>""","""Spotify""","""Happier""","""Marshmello, Bastille""","""false""","""BT""",42.106.252.25,Mumbai,,"""210""",1563932404,2019-07-24,07:10:04 AM,01:40:04,2277
5acb994ce96b09565e1f1d7c,71cfa39e-1c8d-4fc8-b20f-3c3d84897cbb,"""OnePlus""","""OnePlus ONEPLUS A5010""","""Android""","""com.vtion.digital""","""Audio_Tuned""","""Vodafone IN""","""<unknown ssid>""","""Spotify""","""No One Compares To You""","""Jack & Jack""","""false""","""BT""",42.106.252.25,Mumbai,,"""123""",1563932527,2019-07-24,07:12:07 AM,01:42:07,2279
5acb994ce96b09565e1f1d7c,71cfa39e-1c8d-4fc8-b20f-3c3d84897cbb,"""OnePlus""","""OnePlus ONEPLUS A5010""","""Android""","""com.vtion.digital""","""Audio_Tuned""","""Vodafone IN""","""<unknown ssid>""","""Spotify""","""Sucker""","""Jonas Brothers""","""true""","""BT""",42.106.252.25,Mumbai,,,1563932527,2019-07-24,07:12:07 AM,01:42:07,2280
5acb994ce96b09565e1f1d7c,71cfa39e-1c8d-4fc8-b20f-3c3d84897cbb,"""OnePlus""","""OnePlus ONEPLUS A5010""","""Android""","""com.vtion.digital""","""Audio_Tuned""","""Vodafone IN""","""<unknown ssid>""","""Spotify""","""Sucker""","""Jonas Brothers""","""false""","""BT""",42.106.252.25,Mumbai,,"""557""",1563933085,2019-07-24,07:21:25 AM,01:51:25,2280
5acb994ce96b09565e1f1d7c,71cfa39e-1c8d-4fc8-b20f-3c3d84897cbb,"""OnePlus""","""OnePlus ONEPLUS A5010""","""Android""","""com.vtion.digital""","""Audio_Tuned""","""Vodafone IN""","""<unknown ssid>""","""Spotify""","""Señorita""","""Shawn Mendes, Camila Cabello""","""true""","""BT""",42.106.252.25,Mumbai,,,1563933085,2019-07-24,07:21:25 AM,01:51:25,2281
5acb994ce96b09565e1f1d7c,71cfa39e-1c8d-4fc8-b20f-3c3d84897cbb,"""OnePlus""","""OnePlus ONEPLUS A5010""","""Android""","""com.vtion.digital""","""Audio_Tuned""","""Vodafone IN""","""<unknown ssid>""","""Spotify""","""Advertisement""","""Netflix""","""true""","""BT""",42.106.252.25,Mumbai,,,1563933276,2019-07-24,07:24:36 AM,01:54:36,2281
5acb994ce96b09565e1f1d7c,71cfa39e-1c8d-4fc8-b20f-3c3d84897cbb,"""OnePlus""","""OnePlus ONEPLUS A5010""","""Android""","""com.vtion.digital""","""Audio_Tuned""","""Vodafone IN""","""<unknown ssid>""","""Spotify""","""Señorita""","""Shawn Mendes, Camila Cabello""","""false""","""BT""",42.106.252.25,Mumbai,,"""191""",1563933276,2019-07-24,07:24:36 AM,01:54:36,2281
5acb994ce96b09565e1f1d7c,71cfa39e-1c8d-4fc8-b20f-3c3d84897cbb,"""OnePlus""","""OnePlus ONEPLUS A5010""","""Android""","""com.vtion.digital""","""Audio_Tuned""","""Vodafone IN""","""<unknown ssid>""","""Spotify""","""Advertisement""","""Netflix""","""false""","""BT""",42.106.252.25,Mumbai,,"""17""",1563933294,2019-07-24,07:24:54 AM,01:54:54,2283
5acb994ce96b09565e1f1d7c,71cfa39e-1c8d-4fc8-b20f-3c3d84897cbb,"""OnePlus""","""OnePlus ONEPLUS A5010""","""Android""","""com.vtion.digital""","""Audio_Tuned""","""Vodafone IN""","""<unknown ssid>""","""Spotify""","""Mi Persona Favorita""","""Alejandro Sanz, Camila Cabello""","""true""","""BT""",42.106.252.25,Mumbai,,,1563933294,2019-07-24,07:24:54 AM,01:54:54,2284
5acb994ce96b09565e1f1d7c,71cfa39e-1c8d-4fc8-b20f-3c3d84897cbb,"""OnePlus""","""OnePlus ONEPLUS A5010""","""Android""","""com.vtion.digital""","""Audio_Off""","""Vodafone IN""","""<unknown ssid>""",,,,None,,42.106.252.25,Mumbai,,,1563933399,2019-07-24,07:26:39 AM,01:56:39,2285
5acb994ce96b09565e1f1d7c,71cfa39e-1c8d-4fc8-b20f-3c3d84897cbb,"""OnePlus""","""OnePlus ONEPLUS A5010""","""Android""","""com.vtion.digital""","""Audio_Tuned""","""Vodafone IN""","""<unknown ssid>""","""Spotify""","""Mi Persona Favorita""","""Alejandro Sanz, Camila Cabello""","""false""","""Speaker""",42.106.252.25,Mumbai,,"""105""",1563933399,2019-07-24,07:26:39 AM,01:56:39,2287
5acb994ce96b09565e1f1d7c,71cfa39e-1c8d-4fc8-b20f-3c3d84897cbb,"""OnePlus""","""OnePlus ONEPLUS A5010""","""Android""","""com.vtion.digital""","""Audio_Off""","""Vodafone IN""","""<unknown ssid>""",,,,None,,42.106.252.25,Mumbai,,,1563955731,2019-07-24,01:38:51 PM,08:08:51,2289
5acb994ce96b09565e1f1d7c,7b8c84f0-3947-4762-a532-c161d2d487bb,"""OnePlus""","""OnePlus ONEPLUS A5000""","""Android""","""com.vtion.digital""","""Audio_Tuned""","""Vodafone IN""","""<unknown ssid>""","""Gaana""","""South of the Border (feat. Camila Cabello & Cardi B)""","""No.6 Collaborations Project-Ed Sheeran, Camila Cabello, Cardi B""","""true""","""BT""",42.107.156.196,Mumbai,,,1563937204,2019-07-24,08:30:04 AM,03:00:04,2402
5acb994ce96b09565e1f1d7c,7b8c84f0-3947-4762-a532-c161d2d487bb,"""OnePlus""","""OnePlus ONEPLUS A5000""","""Android""","""com.vtion.digital""","""Audio_Tuned""","""Vodafone IN""","""<unknown ssid>""","""Gaana""","""South of the Border (feat. Camila Cabello & Cardi B)""","""No.6 Collaborations Project-Ed Sheeran, Camila Cabello, Cardi B""","""false""","""BT""",42.107.143.148,Mumbai,,"""206""",1563937411,2019-07-24,08:33:31 AM,03:03:31,2402
5acb994ce96b09565e1f1d7c,7b8c84f0-3947-4762-a532-c161d2d487bb,"""OnePlus""","""OnePlus ONEPLUS A5000""","""Android""","""com.vtion.digital""","""Audio_Tuned""","""Vodafone IN""","""<unknown ssid>""","""Gaana""","""Remember The Name (feat. Eminem & 50 Cent)""","""No.6 Collaborations Project-Ed Sheeran, Eminem, 50 Cent""","""true""","""BT""",42.107.143.148,Mumbai,,,1563937411,2019-07-24,08:33:31 AM,03:03:31,2403
5acb994ce96b09565e1f1d7c,7b8c84f0-3947-4762-a532-c161d2d487bb,"""OnePlus""","""OnePlus ONEPLUS A5000""","""Android""","""com.vtion.digital""","""Audio_Tuned""","""Vodafone IN""","""<unknown ssid>""","""Gaana""","""Remember The Name (feat. Eminem & 50 Cent)""","""No.6 Collaborations Project-Ed Sheeran, Eminem, 50 Cent""","""false""","""BT""",42.107.156.196,Mumbai,,"""210""",1563937621,2019-07-24,08:37:01 AM,03:07:01,2403
5acb994ce96b09565e1f1d7c,7b8c84f0-3947-4762-a532-c161d2d487bb,"""OnePlus""","""OnePlus ONEPLUS A5000""","""Android""","""com.vtion.digital""","""Audio_Tuned""","""Vodafone IN""","""<unknown ssid>""","""Gaana""","""Antisocial""","""No.6 Collaborations Project-Ed Sheeran, Travis Scott""","""true""","""BT""",42.107.156.196,Mumbai,,,1563937621,2019-07-24,08:37:01 AM,03:07:01,2404
5acb994ce96b09565e1f1d7c,7b8c84f0-3947-4762-a532-c161d2d487bb,"""OnePlus""","""OnePlus ONEPLUS A5000""","""Android""","""com.vtion.digital""","""Audio_Tuned""","""Vodafone IN""","""<unknown ssid>""","""Gaana""","""Silent_Audio_1Sec""","""-Sponsored Ad""","""true""","""BT""",42.107.156.196,Mumbai,,,1563937623,2019-07-24,08:37:03 AM,03:07:03,2404
5acb994ce96b09565e1f1d7c,7b8c84f0-3947-4762-a532-c161d2d487bb,"""OnePlus""","""OnePlus ONEPLUS A5000""","""Android""","""com.vtion.digital""","""Audio_Tuned""","""Vodafone IN""","""<unknown ssid>""","""Gaana""","""Antisocial""","""No.6 Collaborations Project-Ed Sheeran, Travis Scott""","""true""","""BT""",42.107.156.196,Mumbai,,,1563937627,2019-07-24,08:37:07 AM,03:07:07,2404
5acb994ce96b09565e1f1d7c,7b8c84f0-3947-4762-a532-c161d2d487bb,"""OnePlus""","""OnePlus ONEPLUS A5000""","""Android""","""com.vtion.digital""","""Audio_Tuned""","""Vodafone IN""","""<unknown ssid>""","""Gaana""","""Beautiful People (feat. Khalid)""","""No.6 Collaborations Project-Ed Sheeran, Khalid""","""true""","""BT""",42.107.156.196,Mumbai,,,1563937783,2019-07-24,08:39:43 AM,03:09:43,2404
5acb994ce96b09565e1f1d7c,7b8c84f0-3947-4762-a532-c161d2d487bb,"""OnePlus""","""OnePlus ONEPLUS A5000""","""Android""","""com.vtion.digital""","""Audio_Tuned""","""Vodafone IN""","""<unknown ssid>""","""Gaana""","""Antisocial""","""No.6 Collaborations Project-Ed Sheeran, Travis Scott""","""false""","""BT""",42.107.143.148,Mumbai,,"""155""",1563937783,2019-07-24,08:39:43 AM,03:09:43,2404
5acb994ce96b09565e1f1d7c,7b8c84f0-3947-4762-a532-c161d2d487bb,"""OnePlus""","""OnePlus ONEPLUS A5000""","""Android""","""com.vtion.digital""","""Audio_Tuned""","""Vodafone IN""","""<unknown ssid>""","""Gaana""","""Beautiful People (feat. Khalid)""","""No.6 Collaborations Project-Ed Sheeran, Khalid""","""false""","""BT""",42.107.143.148,Mumbai,,"""148""",1563937931,2019-07-24,08:42:11 AM,03:12:11,2406
5acb994ce96b09565e1f1d7c,7b8c84f0-3947-4762-a532-c161d2d487bb,"""OnePlus""","""OnePlus ONEPLUS A5000""","""Android""","""com.vtion.digital""","""Audio_Tuned""","""Vodafone IN""","""<unknown ssid>""","""Gaana""","""Way To Break My Heart (feat. Skrillex)""","""No.6 Collaborations Project-Ed Sheeran, Skrillex""","""true""","""BT""",42.107.156.196,Mumbai,,,1563937931,2019-07-24,08:42:11 AM,03:12:11,2407
5acb994ce96b09565e1f1d7c,7b8c84f0-3947-4762-a532-c161d2d487bb,"""OnePlus""","""OnePlus ONEPLUS A5000""","""Android""","""com.vtion.digital""","""Audio_Tuned""","""Vodafone IN""","""<unknown ssid>""","""Gaana""","""Way To Break My Heart (feat. Skrillex)""","""No.6 Collaborations Project-Ed Sheeran, Skrillex""","""false""","""BT""",42.107.156.196,Mumbai,,"""200""",1563938132,2019-07-24,08:45:32 AM,03:15:32,2407
5acb994ce96b09565e1f1d7c,7b8c84f0-3947-4762-a532-c161d2d487bb,"""OnePlus""","""OnePlus ONEPLUS A5000""","""Android""","""com.vtion.digital""","""Audio_Tuned""","""Vodafone IN""","""<unknown ssid>""","""Gaana""","""Take Me Back to London (feat. Stormzy)""","""No.6 Collaborations Project-Ed Sheeran, Stormzy""","""true""","""BT""",42.107.156.196,Mumbai,,,1563938132,2019-07-24,08:45:32 AM,03:15:32,2408
5acb994ce96b09565e1f1d7c,7b8c84f0-3947-4762-a532-c161d2d487bb,"""OnePlus""","""OnePlus ONEPLUS A5000""","""Android""","""com.vtion.digital""","""Audio_Tuned""","""Vodafone IN""","""<unknown ssid>""","""Gaana""","""Cross Me (feat. Chance the Rapper & PnB Rock)""","""No.6 Collaborations Project-Ed Sheeran, Chance The Rapper, PnB Rock""","""true""","""BT""",42.107.143.148,Mumbai,,,1563938324,2019-07-24,08:48:44 AM,03:18:44,2408
5acb994ce96b09565e1f1d7c,7b8c84f0-3947-4762-a532-c161d2d487bb,"""OnePlus""","""OnePlus ONEPLUS A5000""","""Android""","""com.vtion.digital""","""Audio_Tuned""","""Vodafone IN""","""<unknown ssid>""","""Gaana""","""Take Me Back to London (feat. Stormzy)""","""No.6 Collaborations Project-Ed Sheeran, Stormzy""","""false""","""BT""",42.107.143.148,Mumbai,,"""192""",1563938324,2019-07-24,08:48:44 AM,03:18:44,2408
5acb994ce96b09565e1f1d7c,7b8c84f0-3947-4762-a532-c161d2d487bb,"""OnePlus""","""OnePlus ONEPLUS A5000""","""Android""","""com.vtion.digital""","""Audio_Tuned""","""Vodafone IN""","""<unknown ssid>""","""Gaana""","""Best Part of Me (feat. YEBBA)""","""No.6 Collaborations Project-Ed Sheeran, YEBBA""","""true""","""BT""",42.107.143.148,Mumbai,,,1563938550,2019-07-24,08:52:30 AM,03:22:30,2409
5acb994ce96b09565e1f1d7c,7b8c84f0-3947-4762-a532-c161d2d487bb,"""OnePlus""","""OnePlus ONEPLUS A5000""","""Android""","""com.vtion.digital""","""Audio_Tuned""","""Vodafone IN""","""<unknown ssid>""","""Gaana""","""Cross Me (feat. Chance the Rapper & PnB Rock)""","""No.6 Collaborations Project-Ed Sheeran, Chance The Rapper, PnB Rock""","""false""","""BT""",42.107.143.148,Mumbai,,"""226""",1563938550,2019-07-24,08:52:30 AM,03:22:30,2409
5acb994ce96b09565e1f1d7c,7b8c84f0-3947-4762-a532-c161d2d487bb,"""OnePlus""","""OnePlus ONEPLUS A5000""","""Android""","""com.vtion.digital""","""Audio_Tuned""","""Vodafone IN""","""<unknown ssid>""","""Gaana""","""I Don't Care""","""No.6 Collaborations Project-Ed Sheeran, Justin Bieber""","""true""","""BT""",42.107.143.148,Mumbai,,,1563938814,2019-07-24,08:56:54 AM,03:26:54,2410
5acb994ce96b09565e1f1d7c,7b8c84f0-3947-4762-a532-c161d2d487bb,"""OnePlus""","""OnePlus ONEPLUS A5000""","""Android""","""com.vtion.digital""","""Audio_Tuned""","""Vodafone IN""","""<unknown ssid>""","""Gaana""","""Best Part of Me (feat. YEBBA)""","""No.6 Collaborations Project-Ed Sheeran, YEBBA""","""false""","""BT""",42.107.143.148,Mumbai,,"""263""",1563938814,2019-07-24,08:56:54 AM,03:26:54,2410
5acb994ce96b09565e1f1d7c,7b8c84f0-3947-4762-a532-c161d2d487bb,"""OnePlus""","""OnePlus ONEPLUS A5000""","""Android""","""com.vtion.digital""","""Audio_Tuned""","""Vodafone IN""","""<unknown ssid>""","""Gaana""","""I Don't Care""","""No.6 Collaborations Project-Ed Sheeran, Justin Bieber""","""false""","""BT""",42.107.156.196,Mumbai,,"""225""",1563939039,2019-07-24,09:00:39 AM,03:30:39,2412
5acb994ce96b09565e1f1d7c,7b8c84f0-3947-4762-a532-c161d2d487bb,"""OnePlus""","""OnePlus ONEPLUS A5000""","""Android""","""com.vtion.digital""","""Audio_Tuned""","""Vodafone IN""","""<unknown ssid>""","""Gaana""","""Feels (feat. Young Thug & J Hus)""","""No.6 Collaborations Project-Ed Sheeran, Young Thug, J Hus""","""true""","""BT""",42.107.156.196,Mumbai,,,1563939039,2019-07-24,09:00:39 AM,03:30:39,2413
5acb994ce96b09565e1f1d7c,7b8c84f0-3947-4762-a532-c161d2d487bb,"""OnePlus""","""OnePlus ONEPLUS A5000""","""Android""","""com.vtion.digital""","""Audio_Tuned""","""Vodafone IN""","""<unknown ssid>""","""Gaana""","""Silent_Audio_1Sec""","""-Sponsored Ad""","""true""","""BT""",42.107.143.148,Mumbai,,,1563939042,2019-07-24,09:00:42 AM,03:30:42,2413
5acb994ce96b09565e1f1d7c,7b8c84f0-3947-4762-a532-c161d2d487bb,"""OnePlus""","""OnePlus ONEPLUS A5000""","""Android""","""com.vtion.digital""","""Audio_Tuned""","""Vodafone IN""","""<unknown ssid>""","""Gaana""","""Feels (feat. Young Thug & J Hus)""","""No.6 Collaborations Project-Ed Sheeran, Young Thug, J Hus""","""true""","""BT""",42.107.143.148,Mumbai,,,1563939046,2019-07-24,09:00:46 AM,03:30:46,2413
5acb994ce96b09565e1f1d7c,7b8c84f0-3947-4762-a532-c161d2d487bb,"""OnePlus""","""OnePlus ONEPLUS A5000""","""Android""","""com.vtion.digital""","""Audio_Tuned""","""Vodafone IN""","""<unknown ssid>""","""Gaana""","""Put It All on Me (feat. Ella Mai)""","""No.6 Collaborations Project-Ed Sheeran, Ella Mai""","""true""","""BT""",42.107.143.148,Mumbai,,,1563939191,2019-07-24,09:03:11 AM,03:33:11,2413
5acb994ce96b09565e1f1d7c,7b8c84f0-3947-4762-a532-c161d2d487bb,"""OnePlus""","""OnePlus ONEPLUS A5000""","""Android""","""com.vtion.digital""","""Audio_Tuned""","""Vodafone IN""","""<unknown ssid>""","""Gaana""","""Feels (feat. Young Thug & J Hus)""","""No.6 Collaborations Project-Ed Sheeran, Young Thug, J Hus""","""false""","""BT""",42.107.156.196,Mumbai,,"""144""",1563939191,2019-07-24,09:03:11 AM,03:33:11,2413
5acb994ce96b09565e1f1d7c,7b8c84f0-3947-4762-a532-c161d2d487bb,"""OnePlus""","""OnePlus ONEPLUS A5000""","""Android""","""com.vtion.digital""","""Audio_Tuned""","""Vodafone IN""","""<unknown ssid>""","""Gaana""","""Nothing On You (feat. Paulo Londra & Dave)""","""No.6 Collaborations Project-Ed Sheeran, Paulo Londra, Dave""","""true""","""BT""",42.107.156.196,Mumbai,,,1563939303,2019-07-24,09:05:03 AM,03:35:03,2414
5acb994ce96b09565e1f1d7c,7b8c84f0-3947-4762-a532-c161d2d487bb,"""OnePlus""","""OnePlus ONEPLUS A5000""","""Android""","""com.vtion.digital""","""Audio_Tuned""","""Vodafone IN""","""<unknown ssid>""","""Gaana""","""Put It All on Me (feat. Ella Mai)""","""No.6 Collaborations Project-Ed Sheeran, Ella Mai""","""false""","""BT""",42.107.156.196,Mumbai,,"""112""",1563939303,2019-07-24,09:05:03 AM,03:35:03,2414
5acb994ce96b09565e1f1d7c,7b8c84f0-3947-4762-a532-c161d2d487bb,"""OnePlus""","""OnePlus ONEPLUS A5000""","""Android""","""com.vtion.digital""","""Audio_Tuned""","""Vodafone IN""","""<unknown ssid>""","""Gaana""","""Nothing On You (feat. Paulo Londra & Dave)""","""No.6 Collaborations Project-Ed Sheeran, Paulo Londra, Dave""","""false""","""BT""",42.107.143.148,Mumbai,,"""84""",1563939388,2019-07-24,09:06:28 AM,03:36:28,2416
5acb994ce96b09565e1f1d7c,805c016b-4562-43dd-b853-bc213618c476,"""10or""","""10or E""","""Android""","""com.vtion.digital""","""Audio_Off""","""""","""QSS-NEW""",,,,None,,111.93.249.50,Jaipur,,,1563926187,2019-07-24,05:26:27 AM,23:56:27,2722
5acb994ce96b09565e1f1d7c,8c663fb3-e1a2-48e1-974a-b663d7fcfb49,"""motorola""","""motorola Moto G (5) Plus""","""Android""","""com.vtion.digital""","""Audio_Tuned""","""airtel""","""Amit Tiwari""","""Amazon Music""","""Shlokas""","""Jagjit Singh & Chitra Singh, Jagjit Singh, Chitra Singh & Traditional""","""true""","""Speaker""",122.162.210.123,New Delhi,,,1563932094,2019-07-24,07:04:54 AM,01:34:54,3142
5acb994ce96b09565e1f1d7c,8c663fb3-e1a2-48e1-974a-b663d7fcfb49,"""motorola""","""motorola Moto G (5) Plus""","""Android""","""com.vtion.digital""","""Audio_Off""","""airtel""","""Amit Tiwari""",,,,None,,122.162.210.123,New Delhi,,,1563933879,2019-07-24,07:34:39 AM,02:04:39,3143
5acb994ce96b09565e1f1d7c,9cc02132-779e-44d3-8df6-a50f2df47c80,"""vivo""","""vivo vivo 1716""","""Android""","""com.vtion.digital""","""Audio_Tuned""","""Vodafone IN""","""<unknown ssid>""","""i Music""","""i Music is running""","""Touch for more information or to stop the app.""","""true""","""Wire_Headset""",42.106.193.85,Mumbai,,,1563932231,2019-07-24,07:07:11 AM,01:37:11,3444
5acb994ce96b09565e1f1d7c,9cc02132-779e-44d3-8df6-a50f2df47c80,"""vivo""","""vivo vivo 1716""","""Android""","""com.vtion.digital""","""Audio_Tuned""","""Vodafone IN""","""<unknown ssid>""","""i Music""",,,"""true""","""Wire_Headset""",42.106.193.85,Mumbai,,,1563932239,2019-07-24,07:07:19 AM,01:37:19,3444
5acb994ce96b09565e1f1d7c,9cc02132-779e-44d3-8df6-a50f2df47c80,"""vivo""","""vivo vivo 1716""","""Android""","""com.vtion.digital""","""Audio_Tuned""","""Vodafone IN""","""<unknown ssid>""","""i Music""",,,"""false""","""Wire_Headset""",42.106.193.85,Mumbai,,"""28""",1563932267,2019-07-24,07:07:47 AM,01:37:47,3444
5acb994ce96b09565e1f1d7c,9cc02132-779e-44d3-8df6-a50f2df47c80,"""vivo""","""vivo vivo 1716""","""Android""","""com.vtion.digital""","""Audio_Tuned""","""Vodafone IN""","""<unknown ssid>""","""i Music""","""i Music is running""","""Touch for more information or to stop the app.""","""true""","""Wire_Headset""",42.106.193.85,Mumbai,,,1563932267,2019-07-24,07:07:47 AM,01:37:47,3445
5acb994ce96b09565e1f1d7c,9cc02132-779e-44d3-8df6-a50f2df47c80,"""vivo""","""vivo vivo 1716""","""Android""","""com.vtion.digital""","""Audio_Tuned""","""Vodafone IN""","""<unknown ssid>""","""i Music""",,,"""true""","""Wire_Headset""",42.106.193.85,Mumbai,,,1563932274,2019-07-24,07:07:54 AM,01:37:54,3445
5acb994ce96b09565e1f1d7c,9cc02132-779e-44d3-8df6-a50f2df47c80,"""vivo""","""vivo vivo 1716""","""Android""","""com.vtion.digital""","""Audio_Tuned""","""Vodafone IN""","""<unknown ssid>""","""i Music""","""i Music is running""","""Touch for more information or to stop the app.""","""true""","""Wire_Headset""",42.106.193.85,Mumbai,,,1563932275,2019-07-24,07:07:55 AM,01:37:55,3445
5acb994ce96b09565e1f1d7c,9cc02132-779e-44d3-8df6-a50f2df47c80,"""vivo""","""vivo vivo 1716""","""Android""","""com.vtion.digital""","""Audio_Tuned""","""Vodafone IN""","""<unknown ssid>""","""i Music""",,,"""true""","""Wire_Headset""",42.106.193.85,Mumbai,,,1563932276,2019-07-24,07:07:56 AM,01:37:56,3445
5acb994ce96b09565e1f1d7c,9cc02132-779e-44d3-8df6-a50f2df47c80,"""vivo""","""vivo vivo 1716""","""Android""","""com.vtion.digital""","""Audio_Tuned""","""Vodafone IN""","""<unknown ssid>""","""i Music""","""i Music is running""","""Touch for more information or to stop the app.""","""true""","""Wire_Headset""",42.106.193.85,Mumbai,,,1563932278,2019-07-24,07:07:58 AM,01:37:58,3445
5acb994ce96b09565e1f1d7c,9cc02132-779e-44d3-8df6-a50f2df47c80,"""vivo""","""vivo vivo 1716""","""Android""","""com.vtion.digital""","""Audio_Tuned""","""Vodafone IN""","""<unknown ssid>""","""i Music""",,,"""true""","""Wire_Headset""",42.106.193.85,Mumbai,,,1563932279,2019-07-24,07:07:59 AM,01:37:59,3445
5acb994ce96b09565e1f1d7c,9cc02132-779e-44d3-8df6-a50f2df47c80,"""vivo""","""vivo vivo 1716""","""Android""","""com.vtion.digital""","""Audio_Tuned""","""Vodafone IN""","""<unknown ssid>""","""i Music""","""i Music is running""","""Touch for more information or to stop the app.""","""true""","""Wire_Headset""",42.106.193.85,Mumbai,,,1563932280,2019-07-24,07:08:00 AM,01:38:00,3445
5acb994ce96b09565e1f1d7c,9cc02132-779e-44d3-8df6-a50f2df47c80,"""vivo""","""vivo vivo 1716""","""Android""","""com.vtion.digital""","""Audio_Tuned""","""Vodafone IN""","""<unknown ssid>""","""i Music""",,,"""true""","""Wire_Headset""",42.106.193.85,Mumbai,,,1563932281,2019-07-24,07:08:01 AM,01:38:01,3445
5acb994ce96b09565e1f1d7c,9cc02132-779e-44d3-8df6-a50f2df47c80,"""vivo""","""vivo vivo 1716""","""Android""","""com.vtion.digital""","""Audio_Tuned""","""Vodafone IN""","""<unknown ssid>""","""i Music""",,,"""false""","""Wire_Headset""",42.106.193.85,Mumbai,,"""88""",1563932370,2019-07-24,07:09:30 AM,01:39:30,3445
5acb994ce96b09565e1f1d7c,9cc02132-779e-44d3-8df6-a50f2df47c80,"""vivo""","""vivo vivo 1716""","""Android""","""com.vtion.digital""","""Audio_Tuned""","""Vodafone IN""","""<unknown ssid>""","""i Music""","""i Music is running""","""Touch for more information or to stop the app.""","""true""","""Wire_Headset""",42.106.193.85,Mumbai,,,1563932370,2019-07-24,07:09:30 AM,01:39:30,3446
5acb994ce96b09565e1f1d7c,9cc02132-779e-44d3-8df6-a50f2df47c80,"""vivo""","""vivo vivo 1716""","""Android""","""com.vtion.digital""","""Audio_Tuned""","""Vodafone IN""","""<unknown ssid>""","""i Music""",,,"""true""","""Wire_Headset""",42.106.193.85,Mumbai,,,1563932372,2019-07-24,07:09:32 AM,01:39:32,3446
5acb994ce96b09565e1f1d7c,9cc02132-779e-44d3-8df6-a50f2df47c80,"""vivo""","""vivo vivo 1716""","""Android""","""com.vtion.digital""","""Audio_Tuned""","""Vodafone IN""","""<unknown ssid>""","""i Music""","""i Music is running""","""Touch for more information or to stop the app.""","""true""","""Wire_Headset""",42.106.193.85,Mumbai,,,1563932374,2019-07-24,07:09:34 AM,01:39:34,3446
5acb994ce96b09565e1f1d7c,9cc02132-779e-44d3-8df6-a50f2df47c80,"""vivo""","""vivo vivo 1716""","""Android""","""com.vtion.digital""","""Audio_Tuned""","""Vodafone IN""","""<unknown ssid>""","""i Music""",,,"""true""","""Wire_Headset""",42.106.193.85,Mumbai,,,1563932378,2019-07-24,07:09:38 AM,01:39:38,3446
5acb994ce96b09565e1f1d7c,9cc02132-779e-44d3-8df6-a50f2df47c80,"""vivo""","""vivo vivo 1716""","""Android""","""com.vtion.digital""","""Audio_Tuned""","""Vodafone IN""","""<unknown ssid>""","""i Music""","""i Music is running""","""Touch for more information or to stop the app.""","""true""","""Wire_Headset""",42.106.193.85,Mumbai,,,1563932380,2019-07-24,07:09:40 AM,01:39:40,3446
5acb994ce96b09565e1f1d7c,9cc02132-779e-44d3-8df6-a50f2df47c80,"""vivo""","""vivo vivo 1716""","""Android""","""com.vtion.digital""","""Audio_Tuned""","""Vodafone IN""","""<unknown ssid>""","""i Music""",,,"""true""","""Wire_Headset""",42.106.193.85,Mumbai,,,1563932384,2019-07-24,07:09:44 AM,01:39:44,3446
5acb994ce96b09565e1f1d7c,9cc02132-779e-44d3-8df6-a50f2df47c80,"""vivo""","""vivo vivo 1716""","""Android""","""com.vtion.digital""","""Audio_Tuned""","""Vodafone IN""","""<unknown ssid>""","""i Music""","""i Music is running""","""Touch for more information or to stop the app.""","""true""","""Wire_Headset""",42.106.193.85,Mumbai,,,1563932386,2019-07-24,07:09:46 AM,01:39:46,3446
5acb994ce96b09565e1f1d7c,9cc02132-779e-44d3-8df6-a50f2df47c80,"""vivo""","""vivo vivo 1716""","""Android""","""com.vtion.digital""","""Audio_Tuned""","""Vodafone IN""","""<unknown ssid>""","""i Music""",,,"""true""","""Wire_Headset""",42.106.193.85,Mumbai,,,1563932390,2019-07-24,07:09:50 AM,01:39:50,3446
5acb994ce96b09565e1f1d7c,9cc02132-779e-44d3-8df6-a50f2df47c80,"""vivo""","""vivo vivo 1716""","""Android""","""com.vtion.digital""","""Audio_Tuned""","""Vodafone IN""","""<unknown ssid>""","""i Music""","""i Music is running""","""Touch for more information or to stop the app.""","""true""","""Wire_Headset""",42.106.193.85,Mumbai,,,1563932600,2019-07-24,07:13:20 AM,01:43:20,3446
5acb994ce96b09565e1f1d7c,9cc02132-779e-44d3-8df6-a50f2df47c80,"""vivo""","""vivo vivo 1716""","""Android""","""com.vtion.digital""","""Audio_Tuned""","""Vodafone IN""","""<unknown ssid>""","""i Music""",,,"""true""","""Wire_Headset""",42.106.193.85,Mumbai,,,1563932603,2019-07-24,07:13:23 AM,01:43:23,3446
5acb994ce96b09565e1f1d7c,9cc02132-779e-44d3-8df6-a50f2df47c80,"""vivo""","""vivo vivo 1716""","""Android""","""com.vtion.digital""","""Audio_Off""","""Vodafone IN""","""<unknown ssid>""",,,,None,,42.106.193.85,Mumbai,,,1563932811,2019-07-24,07:16:51 AM,01:46:51,3447
5acb994ce96b09565e1f1d7c,9cc02132-779e-44d3-8df6-a50f2df47c80,"""vivo""","""vivo vivo 1716""","""Android""","""com.vtion.digital""","""Audio_Tuned""","""Vodafone IN""","""<unknown ssid>""","""i Music""","""i Music is running""","""Touch for more information or to stop the app.""","""true""","""Wire_Headset""",42.106.193.85,Mumbai,,,1563932811,2019-07-24,07:16:51 AM,01:46:51,3448
5acb994ce96b09565e1f1d7c,9cc02132-779e-44d3-8df6-a50f2df47c80,"""vivo""","""vivo vivo 1716""","""Android""","""com.vtion.digital""","""Audio_Tuned""","""Vodafone IN""","""<unknown ssid>""","""i Music""","""i Music is running""","""Touch for more information or to stop the app.""","""true""","""Wire_Headset""",42.106.193.85,Mumbai,,,1563932813,2019-07-24,07:16:53 AM,01:46:53,3448
5acb994ce96b09565e1f1d7c,9cc02132-779e-44d3-8df6-a50f2df47c80,"""vivo""","""vivo vivo 1716""","""Android""","""com.vtion.digital""","""Audio_Tuned""","""Vodafone IN""","""<unknown ssid>""","""i Music""",,,"""true""","""Wire_Headset""",42.106.193.85,Mumbai,,,1563932816,2019-07-24,07:16:56 AM,01:46:56,3448
5acb994ce96b09565e1f1d7c,9cc02132-779e-44d3-8df6-a50f2df47c80,"""vivo""","""vivo vivo 1716""","""Android""","""com.vtion.digital""","""Audio_Tuned""","""Vodafone IN""","""<unknown ssid>""","""i Music""","""i Music is running""","""Touch for more information or to stop the app.""","""true""","""Wire_Headset""",42.106.193.85,Mumbai,,,1563932817,2019-07-24,07:16:57 AM,01:46:57,3448
5acb994ce96b09565e1f1d7c,9cc02132-779e-44d3-8df6-a50f2df47c80,"""vivo""","""vivo vivo 1716""","""Android""","""com.vtion.digital""","""Audio_Off""","""Vodafone IN""","""<unknown ssid>""",,,,None,,42.106.193.85,Mumbai,,,1563932818,2019-07-24,07:16:58 AM,01:46:58,3449
5acb994ce96b09565e1f1d7c,9cc02132-779e-44d3-8df6-a50f2df47c80,"""vivo""","""vivo vivo 1716""","""Android""","""com.vtion.digital""","""Audio_Tuned""","""Vodafone IN""","""<unknown ssid>""","""i Music""","""i Music is running""","""Touch for more information or to stop the app.""","""true""","""Wire_Headset""",42.106.193.85,Mumbai,,,1563932819,2019-07-24,07:16:59 AM,01:46:59,3450
5acb994ce96b09565e1f1d7c,9cc02132-779e-44d3-8df6-a50f2df47c80,"""vivo""","""vivo vivo 1716""","""Android""","""com.vtion.digital""","""Audio_Tuned""","""Vodafone IN""","""<unknown ssid>""","""i Music""",,,"""true""","""Wire_Headset""",42.106.193.85,Mumbai,,,1563932820,2019-07-24,07:17:00 AM,01:47:00,3450
5acb994ce96b09565e1f1d7c,9cc02132-779e-44d3-8df6-a50f2df47c80,"""vivo""","""vivo vivo 1716""","""Android""","""com.vtion.digital""","""Audio_Tuned""","""Vodafone IN""","""<unknown ssid>""","""i Music""",,,"""false""","""Wire_Headset""",42.106.193.85,Mumbai,,"""150""",1563932971,2019-07-24,07:19:31 AM,01:49:31,3450
5acb994ce96b09565e1f1d7c,9cc02132-779e-44d3-8df6-a50f2df47c80,"""vivo""","""vivo vivo 1716""","""Android""","""com.vtion.digital""","""Audio_Tuned""","""Vodafone IN""","""<unknown ssid>""","""i Music""","""i Music is running""","""Touch for more information or to stop the app.""","""true""","""Wire_Headset""",42.106.193.85,Mumbai,,,1563932971,2019-07-24,07:19:31 AM,01:49:31,3451
5acb994ce96b09565e1f1d7c,9cc02132-779e-44d3-8df6-a50f2df47c80,"""vivo""","""vivo vivo 1716""","""Android""","""com.vtion.digital""","""Audio_Tuned""","""Vodafone IN""","""<unknown ssid>""","""i Music""",,,"""true""","""Wire_Headset""",42.106.193.85,Mumbai,,,1563932974,2019-07-24,07:19:34 AM,01:49:34,3451
5acb994ce96b09565e1f1d7c,9cc02132-779e-44d3-8df6-a50f2df47c80,"""vivo""","""vivo vivo 1716""","""Android""","""com.vtion.digital""","""Audio_Tuned""","""Vodafone IN""","""<unknown ssid>""","""i Music""","""i Music is running""","""Touch for more information or to stop the app.""","""true""","""Wire_Headset""",42.106.193.85,Mumbai,,,1563932992,2019-07-24,07:19:52 AM,01:49:52,3451
5acb994ce96b09565e1f1d7c,9cc02132-779e-44d3-8df6-a50f2df47c80,"""vivo""","""vivo vivo 1716""","""Android""","""com.vtion.digital""","""Audio_Tuned""","""Vodafone IN""","""<unknown ssid>""","""i Music""",,,"""false""","""Wire_Headset""",42.106.193.85,Mumbai,,"""18""",1563932992,2019-07-24,07:19:52 AM,01:49:52,3451
5acb994ce96b09565e1f1d7c,9cc02132-779e-44d3-8df6-a50f2df47c80,"""vivo""","""vivo vivo 1716""","""Android""","""com.vtion.digital""","""Audio_Off""","""Vodafone IN""","""<unknown ssid>""",,,,None,,42.106.193.85,Mumbai,,,1563932992,2019-07-24,07:19:52 AM,01:49:52,3453
5acb994ce96b09565e1f1d7c,9cc02132-779e-44d3-8df6-a50f2df47c80,"""vivo""","""vivo vivo 1716""","""Android""","""com.vtion.digital""","""Audio_Tuned""","""Vodafone IN""","""<unknown ssid>""","""i Music""","""i Music is running""","""Touch for more information or to stop the app.""","""true""","""Wire_Headset""",42.106.193.85,Mumbai,,,1563932994,2019-07-24,07:19:54 AM,01:49:54,3454
5acb994ce96b09565e1f1d7c,9cc02132-779e-44d3-8df6-a50f2df47c80,"""vivo""","""vivo vivo 1716""","""Android""","""com.vtion.digital""","""Audio_Tuned""","""Vodafone IN""","""<unknown ssid>""","""i Music""",,,"""true""","""Wire_Headset""",42.106.193.85,Mumbai,,,1563932996,2019-07-24,07:19:56 AM,01:49:56,3454
5acb994ce96b09565e1f1d7c,9cc02132-779e-44d3-8df6-a50f2df47c80,"""vivo""","""vivo vivo 1716""","""Android""","""com.vtion.digital""","""Audio_Tuned""","""Vodafone IN""","""<unknown ssid>""","""i Music""","""i Music is running""","""Touch for more information or to stop the app.""","""true""","""Wire_Headset""",42.106.193.85,Mumbai,,,1563932998,2019-07-24,07:19:58 AM,01:49:58,3454
5acb994ce96b09565e1f1d7c,9cc02132-779e-44d3-8df6-a50f2df47c80,"""vivo""","""vivo vivo 1716""","""Android""","""com.vtion.digital""","""Audio_Tuned""","""Vodafone IN""","""<unknown ssid>""","""i Music""",,,"""true""","""Wire_Headset""",42.106.193.85,Mumbai,,,1563933002,2019-07-24,07:20:02 AM,01:50:02,3454
5acb994ce96b09565e1f1d7c,9cc02132-779e-44d3-8df6-a50f2df47c80,"""vivo""","""vivo vivo 1716""","""Android""","""com.vtion.digital""","""Audio_Tuned""","""Vodafone IN""","""<unknown ssid>""","""i Music""","""i Music is running""","""Touch for more information or to stop the app.""","""true""","""Wire_Headset""",42.106.193.85,Mumbai,,,1563933220,2019-07-24,07:23:40 AM,01:53:40,3454
5acb994ce96b09565e1f1d7c,9cc02132-779e-44d3-8df6-a50f2df47c80,"""vivo""","""vivo vivo 1716""","""Android""","""com.vtion.digital""","""Audio_Tuned""","""Vodafone IN""","""<unknown ssid>""","""i Music""",,,"""true""","""Wire_Headset""",42.106.193.85,Mumbai,,,1563933223,2019-07-24,07:23:43 AM,01:53:43,3454
5acb994ce96b09565e1f1d7c,9cc02132-779e-44d3-8df6-a50f2df47c80,"""vivo""","""vivo vivo 1716""","""Android""","""com.vtion.digital""","""Audio_Tuned""","""Vodafone IN""","""<unknown ssid>""","""i Music""",,,"""false""","""Wire_Headset""",42.106.193.85,Mumbai,,"""68""",1563933292,2019-07-24,07:24:52 AM,01:54:52,3454
5acb994ce96b09565e1f1d7c,9cc02132-779e-44d3-8df6-a50f2df47c80,"""vivo""","""vivo vivo 1716""","""Android""","""com.vtion.digital""","""Audio_Tuned""","""Vodafone IN""","""<unknown ssid>""","""i Music""","""i Music is running""","""Touch for more information or to stop the app.""","""true""","""Wire_Headset""",42.106.193.85,Mumbai,,,1563933292,2019-07-24,07:24:52 AM,01:54:52,3455
5acb994ce96b09565e1f1d7c,9cc02132-779e-44d3-8df6-a50f2df47c80,"""vivo""","""vivo vivo 1716""","""Android""","""com.vtion.digital""","""Audio_Tuned""","""Vodafone IN""","""<unknown ssid>""","""i Music""",,,"""true""","""Wire_Headset""",42.106.193.85,Mumbai,,,1563933293,2019-07-24,07:24:53 AM,01:54:53,3455
5acb994ce96b09565e1f1d7c,9cc02132-779e-44d3-8df6-a50f2df47c80,"""vivo""","""vivo vivo 1716""","""Android""","""com.vtion.digital""","""Audio_Tuned""","""Vodafone IN""","""<unknown ssid>""","""i Music""","""i Music is running""","""Touch for more information or to stop the app.""","""true""","""Wire_Headset""",42.106.193.85,Mumbai,,,1563933294,2019-07-24,07:24:54 AM,01:54:54,3455
5acb994ce96b09565e1f1d7c,9cc02132-779e-44d3-8df6-a50f2df47c80,"""vivo""","""vivo vivo 1716""","""Android""","""com.vtion.digital""","""Audio_Tuned""","""Vodafone IN""","""<unknown ssid>""","""i Music""",,,"""true""","""Wire_Headset""",42.106.193.85,Mumbai,,,1563933295,2019-07-24,07:24:55 AM,01:54:55,3455
5acb994ce96b09565e1f1d7c,9cc02132-779e-44d3-8df6-a50f2df47c80,"""vivo""","""vivo vivo 1716""","""Android""","""com.vtion.digital""","""Audio_Off""","""Vodafone IN""","""<unknown ssid>""",,,,None,,42.106.193.85,Mumbai,,,1563933495,2019-07-24,07:28:15 AM,01:58:15,3456
5acb994ce96b09565e1f1d7c,9cc02132-779e-44d3-8df6-a50f2df47c80,"""vivo""","""vivo vivo 1716""","""Android""","""com.vtion.digital""","""Audio_Tuned""","""Vodafone IN""","""<unknown ssid>""","""i Music""","""i Music is running""","""Touch for more information or to stop the app.""","""true""","""Wire_Headset""",42.106.195.123,Mumbai,,,1563940914,2019-07-24,09:31:54 AM,04:01:54,3457
5acb994ce96b09565e1f1d7c,9cc02132-779e-44d3-8df6-a50f2df47c80,"""vivo""","""vivo vivo 1716""","""Android""","""com.vtion.digital""","""Audio_Tuned""","""Vodafone IN""","""<unknown ssid>""","""i Music""",,,"""true""","""Wire_Headset""",42.106.195.123,Mumbai,,,1563940923,2019-07-24,09:32:03 AM,04:02:03,3457
5acb994ce96b09565e1f1d7c,9cc02132-779e-44d3-8df6-a50f2df47c80,"""vivo""","""vivo vivo 1716""","""Android""","""com.vtion.digital""","""Audio_Tuned""","""Vodafone IN""","""<unknown ssid>""","""i Music""","""i Music is running""","""Touch for more information or to stop the app.""","""true""","""Wire_Headset""",42.106.195.123,Mumbai,,,1563940925,2019-07-24,09:32:05 AM,04:02:05,3457
5acb994ce96b09565e1f1d7c,9cc02132-779e-44d3-8df6-a50f2df47c80,"""vivo""","""vivo vivo 1716""","""Android""","""com.vtion.digital""","""Audio_Tuned""","""Vodafone IN""","""<unknown ssid>""","""i Music""",,,"""true""","""Wire_Headset""",42.106.195.123,Mumbai,,,1563940928,2019-07-24,09:32:08 AM,04:02:08,3457
5acb994ce96b09565e1f1d7c,9cc02132-779e-44d3-8df6-a50f2df47c80,"""vivo""","""vivo vivo 1716""","""Android""","""com.vtion.digital""","""Audio_Tuned""","""Vodafone IN""","""<unknown ssid>""","""i Music""","""i Music is running""","""Touch for more information or to stop the app.""","""true""","""Wire_Headset""",42.106.195.123,Mumbai,,,1563940937,2019-07-24,09:32:17 AM,04:02:17,3457
5acb994ce96b09565e1f1d7c,9cc02132-779e-44d3-8df6-a50f2df47c80,"""vivo""","""vivo vivo 1716""","""Android""","""com.vtion.digital""","""Audio_Tuned""","""Vodafone IN""","""<unknown ssid>""","""i Music""",,,"""true""","""Wire_Headset""",42.106.195.123,Mumbai,,,1563940945,2019-07-24,09:32:25 AM,04:02:25,3457
5acb994ce96b09565e1f1d7c,9cc02132-779e-44d3-8df6-a50f2df47c80,"""vivo""","""vivo vivo 1716""","""Android""","""com.vtion.digital""","""Audio_Tuned""","""Vodafone IN""","""<unknown ssid>""","""i Music""",,,"""true""","""Wire_Headset""",42.106.195.123,Mumbai,,,1563940946,2019-07-24,09:32:26 AM,04:02:26,3457
5acb994ce96b09565e1f1d7c,9cc02132-779e-44d3-8df6-a50f2df47c80,"""vivo""","""vivo vivo 1716""","""Android""","""com.vtion.digital""","""Audio_Tuned""","""Vodafone IN""","""<unknown ssid>""","""i Music""","""i Music is running""","""Touch for more information or to stop the app.""","""true""","""Wire_Headset""",42.106.195.123,Mumbai,,,1563940946,2019-07-24,09:32:26 AM,04:02:26,3457
5acb994ce96b09565e1f1d7c,9cc02132-779e-44d3-8df6-a50f2df47c80,"""vivo""","""vivo vivo 1716""","""Android""","""com.vtion.digital""","""Audio_Tuned""","""Vodafone IN""","""<unknown ssid>""","""i Music""","""i Music is running""","""Touch for more information or to stop the app.""","""true""","""Wire_Headset""",42.106.195.123,Mumbai,,,1563940947,2019-07-24,09:32:27 AM,04:02:27,3457
5acb994ce96b09565e1f1d7c,9cc02132-779e-44d3-8df6-a50f2df47c80,"""vivo""","""vivo vivo 1716""","""Android""","""com.vtion.digital""","""Audio_Tuned""","""Vodafone IN""","""<unknown ssid>""","""i Music""",,,"""true""","""Wire_Headset""",42.106.195.123,Mumbai,,,1563940948,2019-07-24,09:32:28 AM,04:02:28,3457
5acb994ce96b09565e1f1d7c,9cc02132-779e-44d3-8df6-a50f2df47c80,"""vivo""","""vivo vivo 1716""","""Android""","""com.vtion.digital""","""Audio_Tuned""","""Vodafone IN""","""<unknown ssid>""","""i Music""","""i Music is running""","""Touch for more information or to stop the app.""","""true""","""Wire_Headset""",42.106.195.123,Mumbai,,,1563940949,2019-07-24,09:32:29 AM,04:02:29,3457
5acb994ce96b09565e1f1d7c,9cc02132-779e-44d3-8df6-a50f2df47c80,"""vivo""","""vivo vivo 1716""","""Android""","""com.vtion.digital""","""Audio_Tuned""","""Vodafone IN""","""<unknown ssid>""","""i Music""",,,"""true""","""Wire_Headset""",42.106.195.123,Mumbai,,,1563940951,2019-07-24,09:32:31 AM,04:02:31,3457
5acb994ce96b09565e1f1d7c,9cc02132-779e-44d3-8df6-a50f2df47c80,"""vivo""","""vivo vivo 1716""","""Android""","""com.vtion.digital""","""Audio_Off""","""Vodafone IN""","""<unknown ssid>""",,,,None,,42.106.195.123,Mumbai,,,1563940973,2019-07-24,09:32:53 AM,04:02:53,3458
5acb994ce96b09565e1f1d7c,9cc02132-779e-44d3-8df6-a50f2df47c80,"""vivo""","""vivo vivo 1716""","""Android""","""com.vtion.digital""","""Audio_Tuned""","""Vodafone IN""","""<unknown ssid>""","""i Music""",,,"""false""","""Wire_Headset""",42.106.195.123,Mumbai,,"""22""",1563940973,2019-07-24,09:32:53 AM,04:02:53,3460
5acb994ce96b09565e1f1d7c,9cc02132-779e-44d3-8df6-a50f2df47c80,"""vivo""","""vivo vivo 1716""","""Android""","""com.vtion.digital""","""Audio_Tuned""","""Vodafone IN""","""<unknown ssid>""","""i Music""","""i Music is running""","""Touch for more information or to stop the app.""","""true""","""Speaker""",42.106.195.123,Mumbai,,,1563946515,2019-07-24,11:05:15 AM,05:35:15,3461
5acb994ce96b09565e1f1d7c,9cc02132-779e-44d3-8df6-a50f2df47c80,"""vivo""","""vivo vivo 1716""","""Android""","""com.vtion.digital""","""Audio_Tuned""","""Vodafone IN""","""<unknown ssid>""","""i Music""",,,"""true""","""Speaker""",42.106.195.123,Mumbai,,,1563946518,2019-07-24,11:05:18 AM,05:35:18,3461
5acb994ce96b09565e1f1d7c,9cc02132-779e-44d3-8df6-a50f2df47c80,"""vivo""","""vivo vivo 1716""","""Android""","""com.vtion.digital""","""Audio_Off""","""Vodafone IN""","""<unknown ssid>""",,,,None,,42.106.195.123,Mumbai,,,1563946524,2019-07-24,11:05:24 AM,05:35:24,3462
5acb994ce96b09565e1f1d7c,9cc02132-779e-44d3-8df6-a50f2df47c80,"""vivo""","""vivo vivo 1716""","""Android""","""com.vtion.digital""","""Audio_Off""","""Vodafone IN""","""<unknown ssid>""",,,,None,,42.106.195.123,Mumbai,,,1563951085,2019-07-24,12:21:25 PM,06:51:25,3464
5acb994ce96b09565e1f1d7c,9cc02132-779e-44d3-8df6-a50f2df47c80,"""vivo""","""vivo vivo 1716""","""Android""","""com.vtion.digital""","""Audio_Off""","""Vodafone IN""","""<unknown ssid>""",,,,None,,42.106.195.123,Mumbai,,,1563951992,2019-07-24,12:36:32 PM,07:06:32,3467
5acb994ce96b09565e1f1d7c,a03cb7da-b2a5-421c-a514-f7be91b1f64c,"""samsung""","""samsung SM-M305F""","""Android""","""com.vtion.digital""","""Audio_Off""","""airtel""","""<unknown ssid>""",,,,None,,223.225.4.147,Delhi,,,1563941559,2019-07-24,09:42:39 AM,04:12:39,3784
5acb994ce96b09565e1f1d7c,a03cb7da-b2a5-421c-a514-f7be91b1f64c,"""samsung""","""samsung SM-M305F""","""Android""","""com.vtion.digital""","""Audio_Tuned""","""airtel""","""WeWork""","""Amazon Music""","""Ghanu Vaje Ghunghuna""","""Lata Mangeshkar""","""true""","""Speaker""",14.143.227.218,Gurgaon,,,1563952008,2019-07-24,12:36:48 PM,07:06:48,3785
5acb994ce96b09565e1f1d7c,a03cb7da-b2a5-421c-a514-f7be91b1f64c,"""samsung""","""samsung SM-M305F""","""Android""","""com.vtion.digital""","""Audio_Tuned""","""airtel""","""WeWork""","""Amazon Music""","""Ghanu Vaje Ghunghuna""","""Lata Mangeshkar""","""false""","""Speaker""",14.143.227.218,Gurgaon,,"""142""",1563952150,2019-07-24,12:39:10 PM,07:09:10,3785
5acb994ce96b09565e1f1d7c,a03cb7da-b2a5-421c-a514-f7be91b1f64c,"""samsung""","""samsung SM-M305F""","""Android""","""com.vtion.digital""","""Audio_Off""","""airtel""","""WeWork""",,,,None,,14.143.227.218,Gurgaon,,,1563952150,2019-07-24,12:39:10 PM,07:09:10,3787
5acb994ce96b09565e1f1d7c,a03cb7da-b2a5-421c-a514-f7be91b1f64c,"""samsung""","""samsung SM-M305F""","""Android""","""com.vtion.digital""","""Audio_Tuned""","""airtel""","""WeWork""","""Amazon Music""","""Ghanu Vaje Ghunghuna""","""Lata Mangeshkar""","""true""","""Speaker""",14.143.227.218,Gurgaon,,,1563953259,2019-07-24,12:57:39 PM,07:27:39,3788
5acb994ce96b09565e1f1d7c,a03cb7da-b2a5-421c-a514-f7be91b1f64c,"""samsung""","""samsung SM-M305F""","""Android""","""com.vtion.digital""","""Audio_Tuned""","""airtel""","""WeWork""","""Spotify""","""Yad Lagla""","""Ajay Gogavale""","""true""","""Speaker""",14.143.227.218,Gurgaon,,,1563953373,2019-07-24,12:59:33 PM,07:29:33,3788
5acb994ce96b09565e1f1d7c,a03cb7da-b2a5-421c-a514-f7be91b1f64c,"""samsung""","""samsung SM-M305F""","""Android""","""com.vtion.digital""","""Audio_Tuned""","""airtel""","""WeWork""","""Amazon Music""","""Ghanu Vaje Ghunghuna""","""Lata Mangeshkar""","""false""","""Speaker""",14.143.227.218,Gurgaon,,"""113""",1563953373,2019-07-24,12:59:33 PM,07:29:33,3788
5acb994ce96b09565e1f1d7c,a03cb7da-b2a5-421c-a514-f7be91b1f64c,"""samsung""","""samsung SM-M305F""","""Android""","""com.vtion.digital""","""Audio_Tuned""","""airtel""","""WeWork""","""Spotify""","""Yad Lagla""","""Ajay Gogavale""","""false""","""Speaker""",14.143.227.218,Gurgaon,,"""29""",1563953402,2019-07-24,01:00:02 PM,07:30:02,3790
5acb994ce96b09565e1f1d7c,a03cb7da-b2a5-421c-a514-f7be91b1f64c,"""samsung""","""samsung SM-M305F""","""Android""","""com.vtion.digital""","""Audio_Tuned""","""airtel""","""WeWork""","""Amazon Music""","""Ghanu Vaje Ghunghuna""","""Lata Mangeshkar""","""true""","""Speaker""",14.143.227.218,Gurgaon,,,1563953402,2019-07-24,01:00:02 PM,07:30:02,3791
5acb994ce96b09565e1f1d7c,a03cb7da-b2a5-421c-a514-f7be91b1f64c,"""samsung""","""samsung SM-M305F""","""Android""","""com.vtion.digital""","""Audio_Tuned""","""airtel""","""WeWork""","""Spotify""","""Yad Lagla""","""Ajay Gogavale""","""true""","""Speaker""",14.143.227.218,Gurgaon,,,1563953403,2019-07-24,01:00:03 PM,07:30:03,3791
5acb994ce96b09565e1f1d7c,a03cb7da-b2a5-421c-a514-f7be91b1f64c,"""samsung""","""samsung SM-M305F""","""Android""","""com.vtion.digital""","""Audio_Tuned""","""airtel""","""WeWork""","""Spotify""","""Yad Lagla""","""Ajay Gogavale""","""false""","""Speaker""",14.143.227.218,Gurgaon,,"""31""",1563953434,2019-07-24,01:00:34 PM,07:30:34,3791
5acb994ce96b09565e1f1d7c,a03cb7da-b2a5-421c-a514-f7be91b1f64c,"""samsung""","""samsung SM-M305F""","""Android""","""com.vtion.digital""","""Audio_Tuned""","""airtel""","""WeWork""","""Amazon Music""","""Ghanu Vaje Ghunghuna""","""Lata Mangeshkar""","""true""","""Speaker""",14.143.227.218,Gurgaon,,,1563953434,2019-07-24,01:00:34 PM,07:30:34,3792
5acb994ce96b09565e1f1d7c,a03cb7da-b2a5-421c-a514-f7be91b1f64c,"""samsung""","""samsung SM-M305F""","""Android""","""com.vtion.digital""","""Audio_Tuned""","""airtel""","""WeWork""","""Spotify""","""Yad Lagla""","""Ajay Gogavale""","""true""","""Speaker""",14.143.227.218,Gurgaon,,,1563953435,2019-07-24,01:00:35 PM,07:30:35,3792
5acb994ce96b09565e1f1d7c,a03cb7da-b2a5-421c-a514-f7be91b1f64c,"""samsung""","""samsung SM-M305F""","""Android""","""com.vtion.digital""","""Audio_Tuned""","""airtel""","""WeWork""","""Amazon Music""","""Ghanu Vaje Ghunghuna""","""Lata Mangeshkar""","""true""","""Speaker""",14.143.227.218,Gurgaon,,,1563953437,2019-07-24,01:00:37 PM,07:30:37,3792
5acb994ce96b09565e1f1d7c,a03cb7da-b2a5-421c-a514-f7be91b1f64c,"""samsung""","""samsung SM-M305F""","""Android""","""com.vtion.digital""","""Audio_Tuned""","""airtel""","""WeWork""","""Amazon Music""","""Ghanu Vaje Ghunghuna""","""Lata Mangeshkar""","""false""","""Speaker""",14.143.227.218,Gurgaon,,"""57""",1563953495,2019-07-24,01:01:35 PM,07:31:35,3792
5acb994ce96b09565e1f1d7c,a03cb7da-b2a5-421c-a514-f7be91b1f64c,"""samsung""","""samsung SM-M305F""","""Android""","""com.vtion.digital""","""Audio_Tuned""","""airtel""","""WeWork""","""Spotify""","""Aatach Baya Ka Baavarla""","""Shreya Ghoshal""","""true""","""Speaker""",14.143.227.218,Gurgaon,,,1563953495,2019-07-24,01:01:35 PM,07:31:35,3793
5acb994ce96b09565e1f1d7c,a03cb7da-b2a5-421c-a514-f7be91b1f64c,"""samsung""","""samsung SM-M305F""","""Android""","""com.vtion.digital""","""Audio_Off""","""airtel""","""WeWork""",,,,None,,14.143.227.218,Gurgaon,,,1563954317,2019-07-24,01:15:17 PM,07:45:17,3794
5acb994ce96b09565e1f1d7c,a03cb7da-b2a5-421c-a514-f7be91b1f64c,"""samsung""","""samsung SM-M305F""","""Android""","""com.vtion.digital""","""Audio_Off""","""airtel""","""WeWork""",,,,None,,14.143.227.218,Gurgaon,,,1563954656,2019-07-24,01:20:56 PM,07:50:56,3798
5acb994ce96b09565e1f1d7c,b3db680b-8e43-4df9-9013-f8e4ebdaa9ae,"""samsung""","""samsung SM-C900F""","""Android""","""com.vtion.digital""","""Audio_Off""","""airtel""","""hars18""",,,,None,,103.66.214.33,Mumbai,,,1563954011,2019-07-24,01:10:11 PM,07:40:11,4843
5acb994ce96b09565e1f1d7c,d829247d-962a-4fff-83e5-687b70805d7e,"""OPPO""","""OPPO CPH1701""","""Android""","""com.vtion.digital""","""Audio_Tuned""","""JIO 4G""","""0x""","""JioSaavn""","""Hawa Banke""","""Hawa Banke - Single (2019)""","""true""","""BT""",49.32.12.114,Hapur,,,1563956941,2019-07-24,01:59:01 PM,08:29:01,5490
5acb994ce96b09565e1f1d7c,d829247d-962a-4fff-83e5-687b70805d7e,"""OPPO""","""OPPO CPH1701""","""Android""","""com.vtion.digital""","""Audio_Tuned""","""JIO 4G""","""0x""","""JioSaavn""","""Hawa Banke""","""Hawa Banke - Single (2019)""","""false""","""BT""",49.32.12.114,Hapur,,"""172""",1563957113,2019-07-24,02:01:53 PM,08:31:53,5490
5acb994ce96b09565e1f1d7c,d829247d-962a-4fff-83e5-687b70805d7e,"""OPPO""","""OPPO CPH1701""","""Android""","""com.vtion.digital""","""Audio_Tuned""","""JIO 4G""","""0x""","""JioSaavn""","""Tooh Hila Lo (From ""One Day - Justice Delivered"")""","""Tooh Hila Lo (From ""One Day - Justice Delivered"") (2019)""","""true""","""BT""",49.32.12.114,Hapur,,,1563957113,2019-07-24,02:01:53 PM,08:31:53,5491
5acb994ce96b09565e1f1d7c,d829247d-962a-4fff-83e5-687b70805d7e,"""OPPO""","""OPPO CPH1701""","""Android""","""com.vtion.digital""","""Audio_Tuned""","""JIO 4G""","""0x""","""JioSaavn""","""Main Woh Chaand""","""Teraa Surroor (2016)""","""true""","""BT""",49.32.12.114,Hapur,,,1563957149,2019-07-24,02:02:29 PM,08:32:29,5491
5acb994ce96b09565e1f1d7c,d829247d-962a-4fff-83e5-687b70805d7e,"""OPPO""","""OPPO CPH1701""","""Android""","""com.vtion.digital""","""Audio_Tuned""","""JIO 4G""","""0x""","""JioSaavn""","""Tooh Hila Lo (From ""One Day - Justice Delivered"")""","""Tooh Hila Lo (From ""One Day - Justice Delivered"") (2019)""","""false""","""BT""",49.32.12.114,Hapur,,"""36""",1563957149,2019-07-24,02:02:29 PM,08:32:29,5491
5acb994ce96b09565e1f1d7c,d829247d-962a-4fff-83e5-687b70805d7e,"""OPPO""","""OPPO CPH1701""","""Android""","""com.vtion.digital""","""Audio_Tuned""","""JIO 4G""","""0x""","""JioSaavn""","""Main Woh Chaand""","""Teraa Surroor (2016)""","""false""","""BT""",49.32.12.114,Hapur,,"""30""",1563957179,2019-07-24,02:02:59 PM,08:32:59,5493
5acb994ce96b09565e1f1d7c,d829247d-962a-4fff-83e5-687b70805d7e,"""OPPO""","""OPPO CPH1701""","""Android""","""com.vtion.digital""","""Audio_Tuned""","""JIO 4G""","""0x""","""JioSaavn""","""Ve Maahi""","""Kesari (2019)""","""true""","""BT""",49.32.12.114,Hapur,,,1563957179,2019-07-24,02:02:59 PM,08:32:59,5494
5acb994ce96b09565e1f1d7c,d829247d-962a-4fff-83e5-687b70805d7e,"""OPPO""","""OPPO CPH1701""","""Android""","""com.vtion.digital""","""Audio_Tuned""","""JIO 4G""","""0x""","""JioSaavn""","""Teri Mitti""","""Kesari (2019)""","""true""","""BT""",49.32.12.114,Hapur,,,1563957406,2019-07-24,02:06:46 PM,08:36:46,5494
5acb994ce96b09565e1f1d7c,d829247d-962a-4fff-83e5-687b70805d7e,"""OPPO""","""OPPO CPH1701""","""Android""","""com.vtion.digital""","""Audio_Tuned""","""JIO 4G""","""0x""","""JioSaavn""","""Ve Maahi""","""Kesari (2019)""","""false""","""BT""",49.32.12.114,Hapur,,"""227""",1563957406,2019-07-24,02:06:46 PM,08:36:46,5494
5acb994ce96b09565e1f1d7c,d829247d-962a-4fff-83e5-687b70805d7e,"""OPPO""","""OPPO CPH1701""","""Android""","""com.vtion.digital""","""Audio_Tuned""","""JIO 4G""","""0x""","""JioSaavn""","""Teri Mitti""","""Kesari (2019)""","""false""","""BT""",49.32.12.114,Hapur,,"""36""",1563957442,2019-07-24,02:07:22 PM,08:37:22,5496
5acb994ce96b09565e1f1d7c,d829247d-962a-4fff-83e5-687b70805d7e,"""OPPO""","""OPPO CPH1701""","""Android""","""com.vtion.digital""","""Audio_Tuned""","""JIO 4G""","""0x""","""JioSaavn""","""Bekhayali""","""Kabir Singh (2019)""","""true""","""BT""",49.32.12.114,Hapur,,,1563957443,2019-07-24,02:07:23 PM,08:37:23,5497
5acb994ce96b09565e1f1d7c,d829247d-962a-4fff-83e5-687b70805d7e,"""OPPO""","""OPPO CPH1701""","""Android""","""com.vtion.digital""","""Audio_Tuned""","""JIO 4G""","""0x""","""JioSaavn""","""Kaise Hua""","""Kabir Singh (2019)""","""true""","""BT""",49.32.12.114,Hapur,,,1563957463,2019-07-24,02:07:43 PM,08:37:43,5497
5acb994ce96b09565e1f1d7c,d829247d-962a-4fff-83e5-687b70805d7e,"""OPPO""","""OPPO CPH1701""","""Android""","""com.vtion.digital""","""Audio_Tuned""","""JIO 4G""","""0x""","""JioSaavn""","""Bekhayali""","""Kabir Singh (2019)""","""false""","""BT""",49.32.12.114,Hapur,,"""20""",1563957463,2019-07-24,02:07:43 PM,08:37:43,5497
5acb994ce96b09565e1f1d7c,d829247d-962a-4fff-83e5-687b70805d7e,"""OPPO""","""OPPO CPH1701""","""Android""","""com.vtion.digital""","""Audio_Tuned""","""JIO 4G""","""0x""","""JioSaavn""","""Kaise Hua""","""Kabir Singh (2019)""","""false""","""BT""",49.32.12.114,Hapur,,"""73""",1563957536,2019-07-24,02:08:56 PM,08:38:56,5499
5acb994ce96b09565e1f1d7c,d829247d-962a-4fff-83e5-687b70805d7e,"""OPPO""","""OPPO CPH1701""","""Android""","""com.vtion.digital""","""Audio_Tuned""","""JIO 4G""","""0x""","""JioSaavn""","""Kaise Hua""","""Kabir Singh (2019)""","""true""","""BT""",49.32.12.114,Hapur,,,1563957579,2019-07-24,02:09:39 PM,08:39:39,5500
5acb994ce96b09565e1f1d7c,d829247d-962a-4fff-83e5-687b70805d7e,"""OPPO""","""OPPO CPH1701""","""Android""","""com.vtion.digital""","""Audio_Tuned""","""JIO 4G""","""0x""","""JioSaavn""","""Tujhe Kitna Chahne Lage""","""Kabir Singh (2019)""","""true""","""BT""",49.32.12.114,Hapur,,,1563958144,2019-07-24,02:19:04 PM,08:49:04,5500
5acb994ce96b09565e1f1d7c,d829247d-962a-4fff-83e5-687b70805d7e,"""OPPO""","""OPPO CPH1701""","""Android""","""com.vtion.digital""","""Audio_Tuned""","""JIO 4G""","""0x""","""JioSaavn""","""Kaise Hua""","""Kabir Singh (2019)""","""false""","""BT""",49.32.12.114,Hapur,,"""565""",1563958144,2019-07-24,02:19:04 PM,08:49:04,5500
5acb994ce96b09565e1f1d7c,d829247d-962a-4fff-83e5-687b70805d7e,"""OPPO""","""OPPO CPH1701""","""Android""","""com.vtion.digital""","""Audio_Tuned""","""JIO 4G""","""0x""","""JioSaavn""","""Tujhe Kitna Chahne Lage""","""Kabir Singh (2019)""","""false""","""BT""",49.32.12.114,Hapur,,"""286""",1563958430,2019-07-24,02:23:50 PM,08:53:50,5502
5acb994ce96b09565e1f1d7c,d829247d-962a-4fff-83e5-687b70805d7e,"""OPPO""","""OPPO CPH1701""","""Android""","""com.vtion.digital""","""Audio_Tuned""","""JIO 4G""","""0x""","""JioSaavn""","""Mere Sohneya""","""Kabir Singh (2019)""","""true""","""BT""",49.32.12.114,Hapur,,,1563958430,2019-07-24,02:23:50 PM,08:53:50,5503
5acb994ce96b09565e1f1d7c,d829247d-962a-4fff-83e5-687b70805d7e,"""OPPO""","""OPPO CPH1701""","""Android""","""com.vtion.digital""","""Audio_Tuned""","""JIO 4G""","""0x""","""JioSaavn""","""Mere Sohneya""","""Kabir Singh (2019)""","""false""","""BT""",49.32.12.114,Hapur,,"""83""",1563958513,2019-07-24,02:25:13 PM,08:55:13,5503
5acb994ce96b09565e1f1d7c,d829247d-962a-4fff-83e5-687b70805d7e,"""OPPO""","""OPPO CPH1701""","""Android""","""com.vtion.digital""","""Audio_Tuned""","""JIO 4G""","""0x""","""JioSaavn""","""Hawa Banke""","""Hawa Banke - Single (2019)""","""true""","""BT""",49.32.12.114,Hapur,,,1563958513,2019-07-24,02:25:13 PM,08:55:13,5504
5acb994ce96b09565e1f1d7c,d829247d-962a-4fff-83e5-687b70805d7e,"""OPPO""","""OPPO CPH1701""","""Android""","""com.vtion.digital""","""Audio_Tuned""","""JIO 4G""","""0x""","""JioSaavn""","""Tera Zikr""","""Tera Zikr (2017)""","""true""","""BT""",49.32.12.114,Hapur,,,1563958527,2019-07-24,02:25:27 PM,08:55:27,5504
5acb994ce96b09565e1f1d7c,d829247d-962a-4fff-83e5-687b70805d7e,"""OPPO""","""OPPO CPH1701""","""Android""","""com.vtion.digital""","""Audio_Tuned""","""JIO 4G""","""0x""","""JioSaavn""","""Tera Zikr""","""Tera Zikr (2017)""","""false""","""BT""",49.32.12.114,Hapur,,"""67""",1563958595,2019-07-24,02:26:35 PM,08:56:35,5504
5acb994ce96b09565e1f1d7c,d829247d-962a-4fff-83e5-687b70805d7e,"""OPPO""","""OPPO CPH1701""","""Android""","""com.vtion.digital""","""Audio_Tuned""","""JIO 4G""","""0x""","""JioSaavn""","""Cham Cham""","""Baaghi (2016)""","""true""","""BT""",49.32.12.114,Hapur,,,1563958595,2019-07-24,02:26:35 PM,08:56:35,5505
5acb994ce96b09565e1f1d7c,d829247d-962a-4fff-83e5-687b70805d7e,"""OPPO""","""OPPO CPH1701""","""Android""","""com.vtion.digital""","""Audio_Tuned""","""JIO 4G""","""0x""","""JioSaavn""","""Cham Cham""","""Baaghi (2016)""","""false""","""BT""",49.32.12.114,Hapur,,"""20""",1563958614,2019-07-24,02:26:54 PM,08:56:54,5505
5acb994ce96b09565e1f1d7c,d829247d-962a-4fff-83e5-687b70805d7e,"""OPPO""","""OPPO CPH1701""","""Android""","""com.vtion.digital""","""Audio_Off""","""JIO 4G""","""0x""",,,,None,,49.32.12.114,Hapur,,,1563959306,2019-07-24,02:38:26 PM,09:08:26,5507
5acb994ce96b09565e1f1d7c,dfc2f0ec-0672-4ea1-8d1d-9298c9a4a1b1,"""samsung""","""samsung SM-J600G""","""Android""","""com.vtion.digital""","""Audio_Tuned""","""VODAFONE IN | Vodafone IN""","""<unknown ssid>""","""Gaana""","""Breathless - Album - Breathless '98""","""Breathless-Shankar Mahadevan""","""true""","""Wire_Headset""",42.106.252.48,Mumbai,,,1563934360,2019-07-24,07:42:40 AM,02:12:40,5688
5acb994ce96b09565e1f1d7c,dfc2f0ec-0672-4ea1-8d1d-9298c9a4a1b1,"""samsung""","""samsung SM-J600G""","""Android""","""com.vtion.digital""","""Audio_Tuned""","""VODAFONE IN | Vodafone IN""","""<unknown ssid>""","""Gaana""","""Breathless - Album - Breathless '98""","""Breathless-Shankar Mahadevan""","""false""","""Wire_Headset""",42.106.252.48,Mumbai,,"""163""",1563934523,2019-07-24,07:45:23 AM,02:15:23,5688
5acb994ce96b09565e1f1d7c,dfc2f0ec-0672-4ea1-8d1d-9298c9a4a1b1,"""samsung""","""samsung SM-J600G""","""Android""","""com.vtion.digital""","""Audio_Tuned""","""VODAFONE IN | Vodafone IN""","""<unknown ssid>""","""Gaana""","""Breathless - Album - Breathless '98""","""Breathless-Shankar Mahadevan""","""true""","""Wire_Headset""",42.106.252.48,Mumbai,,,1563934528,2019-07-24,07:45:28 AM,02:15:28,5689
5acb994ce96b09565e1f1d7c,dfc2f0ec-0672-4ea1-8d1d-9298c9a4a1b1,"""samsung""","""samsung SM-J600G""","""Android""","""com.vtion.digital""","""Audio_Tuned""","""VODAFONE IN | Vodafone IN""","""<unknown ssid>""","""Gaana""","""Silent_Audio_1Sec""","""-Sponsored Ad""","""true""","""Wire_Headset""",42.106.252.48,Mumbai,,,1563934531,2019-07-24,07:45:31 AM,02:15:31,5689
5acb994ce96b09565e1f1d7c,dfc2f0ec-0672-4ea1-8d1d-9298c9a4a1b1,"""samsung""","""samsung SM-J600G""","""Android""","""com.vtion.digital""","""Audio_Tuned""","""VODAFONE IN | Vodafone IN""","""<unknown ssid>""","""Gaana""","""Breathless - Album - Breathless '98""","""Breathless-Shankar Mahadevan""","""true""","""Wire_Headset""",42.106.252.48,Mumbai,,,1563934535,2019-07-24,07:45:35 AM,02:15:35,5689
5acb994ce96b09565e1f1d7c,dfc2f0ec-0672-4ea1-8d1d-9298c9a4a1b1,"""samsung""","""samsung SM-J600G""","""Android""","""com.vtion.digital""","""Audio_Off""","""VODAFONE IN | Vodafone IN""","""<unknown ssid>""",,,,None,,42.106.252.48,Mumbai,,,1563934686,2019-07-24,07:48:06 AM,02:18:06,5690
5acb994ce96b09565e1f1d7c,dfc2f0ec-0672-4ea1-8d1d-9298c9a4a1b1,"""samsung""","""samsung SM-J600G""","""Android""","""com.vtion.digital""","""Audio_Tuned""","""VODAFONE IN | Vodafone IN""","""<unknown ssid>""","""Gaana""","""Breathless - Album - Breathless '98""","""Breathless-Shankar Mahadevan""","""false""","""Wire_Headset""",42.106.252.48,Mumbai,,"""151""",1563934686,2019-07-24,07:48:06 AM,02:18:06,5692
5acb994ce96b09565e1f1d7c,dfc2f0ec-0672-4ea1-8d1d-9298c9a4a1b1,"""samsung""","""samsung SM-J600G""","""Android""","""com.vtion.digital""","""Audio_Tuned""","""VODAFONE IN | Vodafone IN""","""<unknown ssid>""","""Gaana""","""Breathless - Album - Breathless '98""","""Breathless-Shankar Mahadevan""","""true""","""Wire_Headset""",42.106.252.48,Mumbai,,,1563934696,2019-07-24,07:48:16 AM,02:18:16,5693
5acb994ce96b09565e1f1d7c,dfc2f0ec-0672-4ea1-8d1d-9298c9a4a1b1,"""samsung""","""samsung SM-J600G""","""Android""","""com.vtion.digital""","""Audio_Tuned""","""VODAFONE IN | Vodafone IN""","""<unknown ssid>""","""Gaana""","""Breathless - Album - Breathless '98""","""Breathless-Shankar Mahadevan""","""false""","""Wire_Headset""",42.106.252.48,Mumbai,,"""138""",1563934834,2019-07-24,07:50:34 AM,02:20:34,5693
5acb994ce96b09565e1f1d7c,dfc2f0ec-0672-4ea1-8d1d-9298c9a4a1b1,"""samsung""","""samsung SM-J600G""","""Android""","""com.vtion.digital""","""Audio_Tuned""","""VODAFONE IN | Vodafone IN""","""<unknown ssid>""","""Gaana""","""Breathless - Album - Breathless '98""","""Breathless-Shankar Mahadevan""","""true""","""Wire_Headset""",42.106.252.48,Mumbai,,,1563934835,2019-07-24,07:50:35 AM,02:20:35,5694
5acb994ce96b09565e1f1d7c,dfc2f0ec-0672-4ea1-8d1d-9298c9a4a1b1,"""samsung""","""samsung SM-J600G""","""Android""","""com.vtion.digital""","""Audio_Tuned""","""VODAFONE IN | Vodafone IN""","""<unknown ssid>""","""Gaana""","""Breathless - Album - Breathless '98""","""Breathless-Shankar Mahadevan""","""false""","""Wire_Headset""",42.106.252.48,Mumbai,,"""130""",1563934965,2019-07-24,07:52:45 AM,02:22:45,5694
5acb994ce96b09565e1f1d7c,dfc2f0ec-0672-4ea1-8d1d-9298c9a4a1b1,"""samsung""","""samsung SM-J600G""","""Android""","""com.vtion.digital""","""Audio_Tuned""","""VODAFONE IN | Vodafone IN""","""<unknown ssid>""","""Gaana""","""Breathless - Album - Breathless '98""","""Breathless-Shankar Mahadevan""","""true""","""Wire_Headset""",42.106.252.48,Mumbai,,,1563934977,2019-07-24,07:52:57 AM,02:22:57,5695
5acb994ce96b09565e1f1d7c,dfc2f0ec-0672-4ea1-8d1d-9298c9a4a1b1,"""samsung""","""samsung SM-J600G""","""Android""","""com.vtion.digital""","""Audio_Tuned""","""VODAFONE IN | Vodafone IN""","""<unknown ssid>""","""Gaana""","""Breathless - Album - Breathless '98""","""Breathless-Shankar Mahadevan""","""true""","""Wire_Headset""",42.106.252.48,Mumbai,,,1563934996,2019-07-24,07:53:16 AM,02:23:16,5695
5acb994ce96b09565e1f1d7c,dfc2f0ec-0672-4ea1-8d1d-9298c9a4a1b1,"""samsung""","""samsung SM-J600G""","""Android""","""com.vtion.digital""","""Audio_Tuned""","""VODAFONE IN | Vodafone IN""","""<unknown ssid>""","""Gaana""","""Breathless - Album - Breathless '98""","""Breathless-Shankar Mahadevan""","""false""","""Wire_Headset""",42.106.252.48,Mumbai,,"""158""",1563935154,2019-07-24,07:55:54 AM,02:25:54,5695
5acb994ce96b09565e1f1d7c,dfc2f0ec-0672-4ea1-8d1d-9298c9a4a1b1,"""samsung""","""samsung SM-J600G""","""Android""","""com.vtion.digital""","""Audio_Tuned""","""VODAFONE IN | Vodafone IN""","""<unknown ssid>""","""Gaana""","""Breathless - Album - Breathless '98""","""Breathless-Shankar Mahadevan""","""true""","""Wire_Headset""",42.106.252.48,Mumbai,,,1563935155,2019-07-24,07:55:55 AM,02:25:55,5696
5acb994ce96b09565e1f1d7c,dfc2f0ec-0672-4ea1-8d1d-9298c9a4a1b1,"""samsung""","""samsung SM-J600G""","""Android""","""com.vtion.digital""","""Audio_Tuned""","""VODAFONE IN | Vodafone IN""","""<unknown ssid>""","""Gaana""","""Breathless - Album - Breathless '98""","""Breathless-Shankar Mahadevan""","""false""","""Speaker""",42.106.252.48,Mumbai,,"""30""",1563935185,2019-07-24,07:56:25 AM,02:26:25,5696
5acb994ce96b09565e1f1d7c,dfc2f0ec-0672-4ea1-8d1d-9298c9a4a1b1,"""samsung""","""samsung SM-J600G""","""Android""","""com.vtion.digital""","""Audio_Off""","""VODAFONE IN | Vodafone IN""","""<unknown ssid>""",,,,None,,42.106.252.48,Mumbai,,,1563935245,2019-07-24,07:57:25 AM,02:27:25,5698
5acb994ce96b09565e1f1d7c,dfc2f0ec-0672-4ea1-8d1d-9298c9a4a1b1,"""samsung""","""samsung SM-J600G""","""Android""","""com.vtion.digital""","""Audio_Tuned""","""VODAFONE IN | Vodafone IN""","""<unknown ssid>""","""Gaana""","""Silent_Audio_1Sec""","""-Sponsored Ad""","""true""","""Wire_Headset""",42.107.158.248,Mumbai,,,1563942025,2019-07-24,09:50:25 AM,04:20:25,5699
5acb994ce96b09565e1f1d7c,dfc2f0ec-0672-4ea1-8d1d-9298c9a4a1b1,"""samsung""","""samsung SM-J600G""","""Android""","""com.vtion.digital""","""Audio_Tuned""","""VODAFONE IN | Vodafone IN""","""<unknown ssid>""","""Gaana""","""Breathless - Album - Breathless '98""","""Breathless-Shankar Mahadevan""","""true""","""Wire_Headset""",42.107.142.200,Mumbai,,,1563942028,2019-07-24,09:50:28 AM,04:20:28,5699
5acb994ce96b09565e1f1d7c,dfc2f0ec-0672-4ea1-8d1d-9298c9a4a1b1,"""samsung""","""samsung SM-J600G""","""Android""","""com.vtion.digital""","""Audio_Tuned""","""VODAFONE IN | Vodafone IN""","""<unknown ssid>""","""Gaana""","""Breathless - Album - Breathless '98""","""Breathless-Shankar Mahadevan""","""false""","""Wire_Headset""",42.107.158.248,Mumbai,,"""33""",1563942061,2019-07-24,09:51:01 AM,04:21:01,5699
5acb994ce96b09565e1f1d7c,dfc2f0ec-0672-4ea1-8d1d-9298c9a4a1b1,"""samsung""","""samsung SM-J600G""","""Android""","""com.vtion.digital""","""Audio_Tuned""","""VODAFONE IN | Vodafone IN""","""<unknown ssid>""","""Gaana""","""Breathless - Album - Breathless '98""","""Breathless-Shankar Mahadevan""","""true""","""Wire_Headset""",42.106.253.229,Mumbai,,,1563942106,2019-07-24,09:51:46 AM,04:21:46,5700
5acb994ce96b09565e1f1d7c,dfc2f0ec-0672-4ea1-8d1d-9298c9a4a1b1,"""samsung""","""samsung SM-J600G""","""Android""","""com.vtion.digital""","""Audio_Tuned""","""VODAFONE IN | Vodafone IN""","""<unknown ssid>""","""Gaana""","""Breathless - Album - Breathless '98""","""Breathless-Shankar Mahadevan""","""false""","""Wire_Headset""",42.106.253.229,Mumbai,,"""157""",1563942263,2019-07-24,09:54:23 AM,04:24:23,5700
5acb994ce96b09565e1f1d7c,dfc2f0ec-0672-4ea1-8d1d-9298c9a4a1b1,"""samsung""","""samsung SM-J600G""","""Android""","""com.vtion.digital""","""Audio_Tuned""","""VODAFONE IN | Vodafone IN""","""<unknown ssid>""","""Gaana""","""Breathless - Album - Breathless '98""","""Breathless-Shankar Mahadevan""","""true""","""Wire_Headset""",42.106.253.229,Mumbai,,,1563942358,2019-07-24,09:55:58 AM,04:25:58,5701
5acb994ce96b09565e1f1d7c,dfc2f0ec-0672-4ea1-8d1d-9298c9a4a1b1,"""samsung""","""samsung SM-J600G""","""Android""","""com.vtion.digital""","""Audio_Tuned""","""VODAFONE IN | Vodafone IN""","""<unknown ssid>""","""Gaana""","""Breathless - Album - Breathless '98""","""Breathless-Shankar Mahadevan""","""false""","""Wire_Headset""",42.106.255.97,Mumbai,,"""128""",1563942486,2019-07-24,09:58:06 AM,04:28:06,5701
5acb994ce96b09565e1f1d7c,dfc2f0ec-0672-4ea1-8d1d-9298c9a4a1b1,"""samsung""","""samsung SM-J600G""","""Android""","""com.vtion.digital""","""Audio_Off""","""""","""<unknown ssid>""",,,,None,,42.106.255.97,Mumbai,,,1563942652,2019-07-24,10:00:52 AM,04:30:52,5703
5acb994ce96b09565e1f1d7c,dfc2f0ec-0672-4ea1-8d1d-9298c9a4a1b1,"""samsung""","""samsung SM-J600G""","""Android""","""com.vtion.digital""","""Audio_Tuned""","""VODAFONE IN | Vodafone IN""","""<unknown ssid>""","""Gaana""","""Breathless - Album - Breathless '98""","""Breathless-Shankar Mahadevan""","""true""","""Wire_Headset""",42.106.255.97,Mumbai,,,1563942683,2019-07-24,10:01:23 AM,04:31:23,5704
5acb994ce96b09565e1f1d7c,dfc2f0ec-0672-4ea1-8d1d-9298c9a4a1b1,"""samsung""","""samsung SM-J600G""","""Android""","""com.vtion.digital""","""Audio_Tuned""","""VODAFONE IN | Vodafone IN""","""<unknown ssid>""","""Gaana""","""Breathless - Album - Breathless '98""","""Breathless-Shankar Mahadevan""","""false""","""Wire_Headset""",42.106.255.97,Mumbai,,"""121""",1563942804,2019-07-24,10:03:24 AM,04:33:24,5704
5acb994ce96b09565e1f1d7c,dfc2f0ec-0672-4ea1-8d1d-9298c9a4a1b1,"""samsung""","""samsung SM-J600G""","""Android""","""com.vtion.digital""","""Audio_Off""","""VODAFONE IN | Vodafone IN""","""<unknown ssid>""",,,,None,,42.106.252.178,Mumbai,,,1563942970,2019-07-24,10:06:10 AM,04:36:10,5706
5acb994ce96b09565e1f1d7c,dfc2f0ec-0672-4ea1-8d1d-9298c9a4a1b1,"""samsung""","""samsung SM-J600G""","""Android""","""com.vtion.digital""","""Audio_Tuned""","""VODAFONE IN | Vodafone IN""","""<unknown ssid>""","""Gaana""","""Daaru Desi""","""Cocktail-Shalmali Kholgade, Benny Dayal""","""true""","""Wire_Headset""",42.106.252.178,Mumbai,,,1563944071,2019-07-24,10:24:31 AM,04:54:31,5707
5acb994ce96b09565e1f1d7c,dfc2f0ec-0672-4ea1-8d1d-9298c9a4a1b1,"""samsung""","""samsung SM-J600G""","""Android""","""com.vtion.digital""","""Audio_Tuned""","""VODAFONE IN | Vodafone IN""","""<unknown ssid>""","""Gaana""","""Daaru Desi""","""Cocktail-Shalmali Kholgade, Benny Dayal""","""true""","""Wire_Headset""",42.106.252.178,Mumbai,,,1563944209,2019-07-24,10:26:49 AM,04:56:49,5707
5acb994ce96b09565e1f1d7c,dfc2f0ec-0672-4ea1-8d1d-9298c9a4a1b1,"""samsung""","""samsung SM-J600G""","""Android""","""com.vtion.digital""","""Audio_Tuned""","""VODAFONE IN | Vodafone IN""","""<unknown ssid>""","""Gaana""","""Daaru Desi""","""Cocktail-Shalmali Kholgade, Benny Dayal""","""true""","""Wire_Headset""",42.106.252.178,Mumbai,,,1563944276,2019-07-24,10:27:56 AM,04:57:56,5707
5acb994ce96b09565e1f1d7c,dfc2f0ec-0672-4ea1-8d1d-9298c9a4a1b1,"""samsung""","""samsung SM-J600G""","""Android""","""com.vtion.digital""","""Audio_Tuned""","""VODAFONE IN | Vodafone IN""","""<unknown ssid>""","""Gaana""","""Daaru Desi""","""Cocktail-Shalmali Kholgade, Benny Dayal""","""false""","""Speaker""",42.106.252.178,Mumbai,,"""113""",1563944389,2019-07-24,10:29:49 AM,04:59:49,5707
5acb994ce96b09565e1f1d7c,dfc2f0ec-0672-4ea1-8d1d-9298c9a4a1b1,"""samsung""","""samsung SM-J600G""","""Android""","""com.vtion.digital""","""Audio_Tuned""","""VODAFONE IN | Vodafone IN""","""<unknown ssid>""","""Gaana""","""Daaru Desi""","""Cocktail-Shalmali Kholgade, Benny Dayal""","""true""","""Wire_Headset""",42.106.252.178,Mumbai,,,1563944399,2019-07-24,10:29:59 AM,04:59:59,5708
5acb994ce96b09565e1f1d7c,dfc2f0ec-0672-4ea1-8d1d-9298c9a4a1b1,"""samsung""","""samsung SM-J600G""","""Android""","""com.vtion.digital""","""Audio_Tuned""","""VODAFONE IN | Vodafone IN""","""<unknown ssid>""","""Gaana""","""Daaru Desi""","""Cocktail-Shalmali Kholgade, Benny Dayal""","""false""","""Wire_Headset""",42.106.252.178,Mumbai,,"""93""",1563944492,2019-07-24,10:31:32 AM,05:01:32,5708
5acb994ce96b09565e1f1d7c,dfc2f0ec-0672-4ea1-8d1d-9298c9a4a1b1,"""samsung""","""samsung SM-J600G""","""Android""","""com.vtion.digital""","""Audio_Tuned""","""VODAFONE IN | Vodafone IN""","""<unknown ssid>""","""Gaana""","""Daaru Desi""","""Cocktail-Shalmali Kholgade, Benny Dayal""","""true""","""Wire_Headset""",42.106.252.178,Mumbai,,,1563944515,2019-07-24,10:31:55 AM,05:01:55,5709
5acb994ce96b09565e1f1d7c,dfc2f0ec-0672-4ea1-8d1d-9298c9a4a1b1,"""samsung""","""samsung SM-J600G""","""Android""","""com.vtion.digital""","""Audio_Off""","""VODAFONE IN | Vodafone IN""","""<unknown ssid>""",,,,None,,42.106.252.178,Mumbai,,,1563944605,2019-07-24,10:33:25 AM,05:03:25,5710
5acb994ce96b09565e1f1d7c,eb06e967-99f4-4ca5-87b5-e3ac4dff27a8,"""samsung""","""samsung SM-J200G""","""Android""","""com.vtion.digital""","""FM_Off""","""VODAFONE""","""Pranay""",,,,None,,103.221.250.149,Mumbai,,,1563942749,2019-07-24,10:02:29 AM,04:32:29,5874
5acb994ce96b09565e1f1d7c,ef22a8ed-34d8-4178-a814-2741588f6786,"""OPPO""","""OPPO CPH1725""","""Android""","""com.vtion.digital""","""FM_Tuned""","""airtel""","""<unknown ssid>""","""Radio""",,,"""true""","""Wire_Headset""",106.209.145.121,Mumbai,"""91.1""",,1563938549,2019-07-24,08:52:29 AM,03:22:29,5912
5acb994ce96b09565e1f1d7c,ef22a8ed-34d8-4178-a814-2741588f6786,"""OPPO""","""OPPO CPH1725""","""Android""","""com.vtion.digital""","""FM_Tuned""","""airtel""","""<unknown ssid>""","""Radio""",,,"""true""","""Wire_Headset""",106.209.145.121,Mumbai,"""91.1""",,1563938822,2019-07-24,08:57:02 AM,03:27:02,5912
5acb994ce96b09565e1f1d7c,ef22a8ed-34d8-4178-a814-2741588f6786,"""OPPO""","""OPPO CPH1725""","""Android""","""com.vtion.digital""","""FM_Tuned""","""airtel""","""<unknown ssid>""","""Radio""",,,"""false""","""Wire_Headset""",106.209.145.121,Mumbai,"""91.1""","""10""",1563938832,2019-07-24,08:57:12 AM,03:27:12,5912
5acb994ce96b09565e1f1d7c,ef22a8ed-34d8-4178-a814-2741588f6786,"""OPPO""","""OPPO CPH1725""","""Android""","""com.vtion.digital""","""FM_Off""","""airtel""","""<unknown ssid>""",,,,None,,106.209.145.121,Mumbai,,,1563938832,2019-07-24,08:57:12 AM,03:27:12,5914
5acb994ce96b09565e1f1d7c,ef22a8ed-34d8-4178-a814-2741588f6786,"""OPPO""","""OPPO CPH1725""","""Android""","""com.vtion.digital""","""FM_Tuned""","""airtel""","""<unknown ssid>""","""Radio""",,,"""true""","""Wire_Headset""",106.209.145.121,Mumbai,"""91.1""",,1563938883,2019-07-24,08:58:03 AM,03:28:03,5915
5acb994ce96b09565e1f1d7c,ef22a8ed-34d8-4178-a814-2741588f6786,"""OPPO""","""OPPO CPH1725""","""Android""","""com.vtion.digital""","""FM_Tuned""","""airtel""","""<unknown ssid>""","""Radio""",,,"""true""","""Wire_Headset""",106.209.145.121,Mumbai,"""91.1""",,1563941503,2019-07-24,09:41:43 AM,04:11:43,5915
5acb994ce96b09565e1f1d7c,ef22a8ed-34d8-4178-a814-2741588f6786,"""OPPO""","""OPPO CPH1725""","""Android""","""com.vtion.digital""","""FM_Tuned""","""airtel""","""<unknown ssid>""","""Radio""",,,"""true""","""Wire_Headset""",106.209.145.121,Mumbai,"""100.1""",,1563941514,2019-07-24,09:41:54 AM,04:11:54,5915
5acb994ce96b09565e1f1d7c,f09c3407-ffcb-4d64-8e42-89251d186dfa,"""Xiaomi""","""Xiaomi Mi A1""","""Android""","""com.vtion.digital""","""Audio_Tuned""","""Vodafone IN""","""<unknown ssid>""","""Gaana""","""Kalank - Title Track""","""Kalank-Arijit Singh""","""true""","""Speaker""",42.107.143.197,Mumbai,,,1563935889,2019-07-24,08:08:09 AM,02:38:09,5923
5acb994ce96b09565e1f1d7c,f09c3407-ffcb-4d64-8e42-89251d186dfa,"""Xiaomi""","""Xiaomi Mi A1""","""Android""","""com.vtion.digital""","""Audio_Tuned""","""Vodafone IN""","""<unknown ssid>""","""Gaana""","""Kalank - Title Track""","""Kalank-Arijit Singh""","""false""","""Speaker""",42.107.143.197,Mumbai,,"""47""",1563935936,2019-07-24,08:08:56 AM,02:38:56,5923
5acb994ce96b09565e1f1d7c,f09c3407-ffcb-4d64-8e42-89251d186dfa,"""Xiaomi""","""Xiaomi Mi A1""","""Android""","""com.vtion.digital""","""Audio_Off""","""Vodafone IN""","""<unknown ssid>""",,,,None,,42.107.157.149,Mumbai,,,1563935999,2019-07-24,08:09:59 AM,02:39:59,5925
5acb994ce96b09565e1f1d7c,fb2103cf-9fb5-45f6-bafb-2c3bd1ffdf0d,"""OPPO""","""OPPO CPH1859""","""Android""","""com.vtion.digital""","""Audio_Tuned""","""Jio 4G""","""<unknown ssid>""","""JioSaavn""","""Bapu Zimidar""","""Replay - The Return Of Melody (2014)""","""true""","""Wire_Headset""",49.33.248.169,Mumbai,,,1563951356,2019-07-24,12:25:56 PM,06:55:56,6354
5acb994ce96b09565e1f1d7c,fb2103cf-9fb5-45f6-bafb-2c3bd1ffdf0d,"""OPPO""","""OPPO CPH1859""","""Android""","""com.vtion.digital""","""Audio_Tuned""","""Jio 4G""","""<unknown ssid>""","""JioSaavn""","""Backbone""","""Backbone (2017)""","""true""","""Wire_Headset""",49.33.248.169,Mumbai,,,1563951537,2019-07-24,12:28:57 PM,06:58:57,6354
5acb994ce96b09565e1f1d7c,fb2103cf-9fb5-45f6-bafb-2c3bd1ffdf0d,"""OPPO""","""OPPO CPH1859""","""Android""","""com.vtion.digital""","""Audio_Tuned""","""Jio 4G""","""<unknown ssid>""","""JioSaavn""","""Bapu Zimidar""","""Replay - The Return Of Melody (2014)""","""false""","""Wire_Headset""",49.33.248.169,Mumbai,,"""181""",1563951537,2019-07-24,12:28:57 PM,06:58:57,6354
5acb994ce96b09565e1f1d7c,fb2103cf-9fb5-45f6-bafb-2c3bd1ffdf0d,"""OPPO""","""OPPO CPH1859""","""Android""","""com.vtion.digital""","""Audio_Tuned""","""Jio 4G""","""<unknown ssid>""","""JioSaavn""","""Backbone""","""Backbone (2017)""","""false""","""Wire_Headset""",49.33.248.169,Mumbai,,"""175""",1563951713,2019-07-24,12:31:53 PM,07:01:53,6356
5acb994ce96b09565e1f1d7c,fb2103cf-9fb5-45f6-bafb-2c3bd1ffdf0d,"""OPPO""","""OPPO CPH1859""","""Android""","""com.vtion.digital""","""Audio_Tuned""","""Jio 4G""","""<unknown ssid>""","""JioSaavn""","""Yaari""","""Yaari (2019)""","""true""","""Wire_Headset""",49.33.248.169,Mumbai,,,1563951713,2019-07-24,12:31:53 PM,07:01:53,6357
5acb994ce96b09565e1f1d7c,fb2103cf-9fb5-45f6-bafb-2c3bd1ffdf0d,"""OPPO""","""OPPO CPH1859""","""Android""","""com.vtion.digital""","""Audio_Tuned""","""Jio 4G""","""<unknown ssid>""","""JioSaavn""","""Tujhe Dekhe Bina""","""Tujhe Dekhe Bina (2019)""","""true""","""Wire_Headset""",49.33.248.169,Mumbai,,,1563951882,2019-07-24,12:34:42 PM,07:04:42,6357
5acb994ce96b09565e1f1d7c,fb2103cf-9fb5-45f6-bafb-2c3bd1ffdf0d,"""OPPO""","""OPPO CPH1859""","""Android""","""com.vtion.digital""","""Audio_Tuned""","""Jio 4G""","""<unknown ssid>""","""JioSaavn""","""Yaari""","""Yaari (2019)""","""false""","""Wire_Headset""",49.33.248.169,Mumbai,,"""169""",1563951882,2019-07-24,12:34:42 PM,07:04:42,6357
5acb994ce96b09565e1f1d7c,fb2103cf-9fb5-45f6-bafb-2c3bd1ffdf0d,"""OPPO""","""OPPO CPH1859""","""Android""","""com.vtion.digital""","""Audio_Tuned""","""Jio 4G""","""<unknown ssid>""","""JioSaavn""","""Lahore""","""Lahore (2017)""","""true""","""Wire_Headset""",49.33.248.169,Mumbai,,,1563952157,2019-07-24,12:39:17 PM,07:09:17,6358
5acb994ce96b09565e1f1d7c,fb2103cf-9fb5-45f6-bafb-2c3bd1ffdf0d,"""OPPO""","""OPPO CPH1859""","""Android""","""com.vtion.digital""","""Audio_Tuned""","""Jio 4G""","""<unknown ssid>""","""JioSaavn""","""Tujhe Dekhe Bina""","""Tujhe Dekhe Bina (2019)""","""false""","""Wire_Headset""",49.33.248.169,Mumbai,,"""274""",1563952157,2019-07-24,12:39:17 PM,07:09:17,6358
5acb994ce96b09565e1f1d7c,fb2103cf-9fb5-45f6-bafb-2c3bd1ffdf0d,"""OPPO""","""OPPO CPH1859""","""Android""","""com.vtion.digital""","""Audio_Tuned""","""Jio 4G""","""<unknown ssid>""","""JioSaavn""","""Ve Maahi""","""Kesari (2019)""","""true""","""Wire_Headset""",49.33.248.169,Mumbai,,,1563952355,2019-07-24,12:42:35 PM,07:12:35,6359
5acb994ce96b09565e1f1d7c,fb2103cf-9fb5-45f6-bafb-2c3bd1ffdf0d,"""OPPO""","""OPPO CPH1859""","""Android""","""com.vtion.digital""","""Audio_Tuned""","""Jio 4G""","""<unknown ssid>""","""JioSaavn""","""Lahore""","""Lahore (2017)""","""false""","""Wire_Headset""",49.33.248.169,Mumbai,,"""198""",1563952355,2019-07-24,12:42:35 PM,07:12:35,6359
